,count_of_size,Color1,Color2,Color3,Color4,Color5,Product_code
0,3,LIME/BLUE,GRAY,,,,246078-LMBL
1,2,BLACK,NAVY,,,,246079-BKW
2,0,LIME/BLUE,GRAY,,,,246078-GRY
3,2,BLACK,NAVY,,,,246079-NVCL
4,5,BBBBLACK,NNNAVY,BBLACK,,,232455-NVY
5,6,BLACK/RED,NAVY/ORANGE,CHARCOAL/LIME,OOLIVE,,232451-NVOR
6,5,BLACK/WHITE,BLUE/LIME,BLUE/YELLOW,CHARCOAL/BLUE,RED/YELLOW,246053-RDYL
7,4,GREEN,,,,,246062-GROR
8,0,NNNAVY,GREY,,,,204804-GRY
9,6,CHARCOAL/LIME,NAVY/YELLOW,BBLACK,TEAL,,246034-TEAL
10,3,GRAY/ORANGE,NAVY/BLUE,,,,246082-NVBL
11,2,BLACK/WHITE,WHITE/BLUE/RED,,,,210745-WBLR
12,0,BLACK/WHITE,WHITE/BLUE/RED,,,,210745-BKW
13,1,BBLACK,OFF WHITE,,,,183010-BBK
14,0,BBLACK,NNNAVY,,,,232458-BBK
15,2,BLACK/RED,NAVY/ORANGE,CHARCOAL/LIME,OOLIVE,,232451-OLV
16,3,BBLACK,NNNAVY,,,,232458-NVY
17,2,BLACK/GREY,NAVY/BLUE,,,,232629-BKGY
18,3,BLACK/GREY,NAVY/BLUE,,,,232629-NVBL
19,0,NNNAVY,GREY,,,,204804-NVY
20,3,GRAY/ORANGE,NAVY/BLUE,,,,246082-GYOR
21,1,BBBBLACK,YELLOW,,,,183070-YEL
22,3,NAVY/GREY,OOLIVE,,,,232626-NVGY
23,3,NAVY/GREY,OOLIVE,,,,232626-OLV
24,3,BROWN,OOLIVE,,,,183186-BRCK
25,2,BBBBLACK,NNNAVY,CHARCOAL/RED,BLACK/CHARCOAL,,237300-CCRD
26,1,BBBBLACK,NNNAVY,CHARCOAL/RED,BLACK/CHARCOAL,,237300-BKCC
27,0,NNNAVY,BLACK/WHITE,,,,220389-BKW
28,1,NNNAVY,BLACK/WHITE,,,,220389-NVY
29,4,TTAUPE,BBLACK,NAVY/ORANGE,,,220359-BBK
30,1,BBBBLACK,NNNAVY,BBLACK,,,216278-BLK
31,3,BBBBLACK,NNNAVY,BBLACK,,,216278-NVY
32,3,BROWN,GGREY/BLACK,,,,220185-GYBK
33,1,BROWN,GGREY/BLACK,,,,220185-BRN
34,0,DARK GREY,NNNAVY,BBLACK,,,216491-DKGY
35,0,BLACK/LIME,NAVY/ORANGE,,,,220336-NVOR
36,5,NNNAVY,BLACK/WHITE,,,,229142-BKW
37,3,DARK GREY,NNNAVY,BBLACK,,,216491-NVY
38,4,BLACK/LIME,NAVY/ORANGE,,,,220336-BKLM
39,3,BBURGUNDY,NNNAVY,,,,232450-NVY
40,7,BLACK/WHITE,BLUE/LIME,BLUE/YELLOW,CHARCOAL/BLUE,RED/YELLOW,246053-CCBL
41,5,BBLACK,CCHARCOAL,,,,216259-CHAR
42,3,NNNAVY,BLACK/WHITE,,,,229142-NVY
43,1,BBLACK,NNNAVY,,,,232456-NVY
44,3,BLACK/WHITE,BLUE/LIME,BLUE/YELLOW,CHARCOAL/BLUE,RED/YELLOW,246053-BLYL
45,2,NNNAVY,BBLACK,,,,220338-BBK
46,4,BLACK/WHITE,BLUE/LIME,BLUE/YELLOW,CHARCOAL/BLUE,RED/YELLOW,246053-BKW
47,0,GREY,NAVY/ORANGE,,,,216562-NVOR
48,3,TTAUPE,NNNAVY,BBLACK,CCHARCOAL,,216126-CHAR
49,6,BBLACK,WWWHITE,OOLIVE,,,246021-BBK
50,2,NNNAVY,BLACK/WHITE,BBLACK,BBURGUNDY,,232504-BKW
51,2,NNNAVY,TTAUPE,BBBBLACK,,,216267-TPE
52,4,BLACK/WHITE,NAVY/ORANGE,,,,216527-BKW
53,3,NAVY/ORANGE,TTAUPE,BBLACK,GREY/RED,,216205-GYRD
54,3,CCHARCOAL,NNNAVY,BLACK/WHITE,TTAUPE,,216401-NVY
55,0,NNNAVY,TAUPE/BROWN,,,,210058-NVY
56,4,CHARCOAL/ORANGE,NAVY/GOLD,BBLACK,LIGHT GREY/RED,,216116-BBK
57,4,BLACK/WHITE,NAVY/ORANGE,,,,216527-NVOR
58,1,CHARCOAL/BLACK,BLACK/WHITE,NAVY/GREY,NATURAL/GREY,BBLACK,232318-BBK
59,7,BBLACK,GREY,BLACK/LIME,,,220223-BBK
60,2,NAVY/BLACK,BBLACK,,,,232591-BBK
61,3,BLACK/MULTI,NATURAL/MULTI,BBLACK/MULTI,,,232219-BMLT
62,1,BLACK/BLUE,LIME,YELLOW,,,246075-BKBL
63,3,NAVY/MULTI,WHITE/MULTI,,,,220825-WMLT
64,0,BBBBLACK,DARK BROWN,,,,204350-BLK
65,2,BLACK/GREY,NNNAVY,BBLACK,BROWN,,229022-BKGY
66,2,DARK BROWN,BBBBLACK,,,,204346-BLK
67,6,BLACK/GREY,NNNAVY,BBLACK,BROWN,,229022-BRN
68,2,BLACK/BLUE,GREY/NAVY,,,,216244-BKBL
69,5,CCHARCOAL,NNNAVY,BLACK/WHITE,TTAUPE,,216401-CHAR
70,4,CCHARCOAL,NNNAVY,KKHAKI,BBLACK,,243158-BBK
71,3,BBBBLACK,CCHOCOLATE,,,,204105-BLK
72,1,BLACK/GREY,NNNAVY,BBLACK,BROWN,,229022-NVY
73,6,BLACK/GREY,NNNAVY,BBLACK,BROWN,,229022-BBK
74,3,BBLACK,WWWHITE,OOLIVE,,,246021-WHT
75,3,TTAUPE,NAVY/ORANGE,BBLACK,GREY/RED,,216202-BBK
76,0,DARK BROWN,BBBBLACK,,,,204346-CDB
77,7,NAVY/BLACK,BLACK/ORANGE,,,,229003-BKOR
78,6,NNNAVY,,,,,229036-NVY
79,5,WHITE/RED,BLACK/TEAL,NNNAVY,,,246020-NVY
80,6,CHARCOAL/LIME,NAVY/YELLOW,BBLACK,TEAL,,246034-BBK
81,4,BBLACK,GGREY/BLACK,,,,229040-BBK
82,3,CHARCOAL/BLACK,BLACK/WHITE,NAVY/GREY,NATURAL/GREY,BBLACK,232318-BKW
83,5,BBBBLACK,NNNAVY,BBLACK,,,232455-BLK
84,7,NAVY/BLACK,BLACK/ORANGE,,,,229003-NVBK
85,5,BLACK/WHITE,WHITE BLACK,,,,232454-BKW
86,3,BLACK/WHITE,WHITE BLACK,,,,232454-WBK
87,4,BBLACK,GGREY/BLACK,,,,229040-GYBK
88,4,NAVY/BLUE,CHARCOAL/ORANGE,,,,54256ID-NVBL
89,5,BBLACK,GREY/ORANGE,NAVY/RED,OOLIVE,,229035-OLV
90,6,NNNAVY,BBLACK,,,,220338-NVY
91,5,BLACK/WHITE,NNNAVY,,,,232201-BKW
92,2,BBBBLACK,TTAUPE,,,,210432-BLK
93,2,BLACK/RED,NAVY/ORANGE,CHARCOAL/LIME,OOLIVE,,232451-CCLM
94,6,TTAUPE,BBLACK,NAVY/ORANGE,,,220359-TPE
95,3,BLACK/RED,OLIVE/ORANGE,BLACK/NAVY,CHARCOAL/BLUE,CHARCOAL/ORANGE,229021-CCOR
96,2,BLACK/RED,OLIVE/ORANGE,BLACK/NAVY,CHARCOAL/BLUE,CHARCOAL/ORANGE,229021-NVLM
97,3,BBLACK,NNNAVY,,,,229203-BBK
98,5,BLACK/RED,NAVY/ORANGE,CHARCOAL/LIME,OOLIVE,,232451-BKRD
99,3,YELLOW,BLUE/ORANGE,,,,220536-BLOR
100,3,BBLACK,NAVY/ORANGE,,,,229205-BBK
101,5,BLACK/WHITE/RED,NAVY/LIME,,,,220894-BKWR
102,4,CHARCOAL/BLACK,OLIVE/BLACK,,,,237258-OLBK
103,3,BBLACK,NNNAVY,,,,229203-NVY
104,5,BLUE/GREEN,BLACK/ORANGE,BBLACK,BLACK/MULTI,,246077-BBK
105,4,NAVY/MULTI,WHITE/MULTI,,,,220825-NVMT
106,4,BBBBLACK,,,,,204301-BLK
107,5,NAVY/RED,GREY/ORANGE,BLACK/GREY,BBLACK,,216481-NVRD
108,3,BBLACK,NAVY/ORANGE,,,,229205-NVOR
109,4,TTAUPE,NNNAVY,BBLACK,CCHARCOAL,,216126-BBK
110,4,BBLACK,GREY,BLACK/LIME,,,220223-GRY
111,1,BBLACK,CCHARCOAL,,,,204742-BBK
112,3,BLACK/GREY,WWWHITE,,,,210427-WHT
113,2,CHARCOAL/BLACK,OLIVE/BLACK,,,,237258-CCBK
114,5,BBBBLACK,NAVY/GREY,BBLACK,CHARCOAL/ORANGE,,232261-BBK
115,5,BLACK/YELLOW,GREY,BLACK/CHARCOAL,CCHARCOAL,,237301-BKCC
116,4,GREY,NAVY/ORANGE,,,,216562-GRY
117,4,NAVY/ORANGE,WHITE/MULTI,,,,220189-WMLT
118,5,BLACK/WHITE/RED,NAVY/LIME,,,,220894-NVLM
119,4,CHARCOAL/BLACK,BLACK/WHITE,NAVY/GREY,NATURAL/GREY,BBLACK,232318-NTGY
120,3,GREY/ORANGE,WHITE/GREY,NATURAL,,,220322-GYOR
121,4,BLACK/NATURAL,OLIVE/MULTI,NAVY/BLACK,OFF WHITE/GREY,,237565-OWGR
122,5,BBLACK,NAVY/LIME,,,,220503-NVLM
123,3,GREY/ORANGE,WHITE/GREY,NATURAL,,,220322-WGY
124,3,NNNAVY,BBLACK,BBBBLACK,CHARCOAL/BLACK,,232262-BBK
125,5,BLACK/YELLOW,GREY,BLACK/CHARCOAL,CCHARCOAL,,237301-CHAR
126,3,GREY/ORANGE,WHITE/GREY,NATURAL,,,220322-NAT
127,0,CAMOUFLAGE,BBLACK,,,,237308-BBK
128,3,BBBBLACK,WWHITE/LIGHT BLUE,,,,222186-WLBL
129,5,NAVY/ORANGE,WHITE/MULTI,,,,220189-NVOR
130,3,BLACK/NATURAL,OLIVE/MULTI,NAVY/BLACK,OFF WHITE/GREY,,237565-BKNT
131,5,BBBBLACK,CCHARCOAL,NNNAVY,BLUE/BLACK,,237255-NVY
132,4,BBURGUNDY,NNNAVY,,,,232450-BURG
133,5,BBBBLACK,CCHARCOAL,NNNAVY,BLUE/BLACK,,237255-BLK
134,1,BBLACK,CHARCOAL/RED,,,,237342-BBK
135,2,BBBBLACK,CCHOCOLATE,,,,204105-CHOC
136,5,CHARCOAL/LIME,NAVY/YELLOW,BBLACK,TEAL,,246034-NVYL
137,5,NNNAVY,BBLACK,,,,232516-BBK
138,5,TTAUPE,NNNAVY,,,,232665-TPE
139,1,CAMOUFLAGE,BBLACK,,,,237308-CAMO
140,5,BBBBLACK,NAVY/GREY,BBLACK,CHARCOAL/ORANGE,,232261-CCOR
141,5,BLACK/WHITE,NNNAVY,,,,232201-NVY
142,4,NNNAVY,BBLACK,BBBBLACK,CHARCOAL/BLACK,,232262-NVY
143,5,NNNAVY,BLACK/WHITE,BBLACK,BBURGUNDY,,232504-NVY
144,5,BBLACK,GREY/ORANGE,NAVY/RED,OOLIVE,,229035-BBK
145,7,NNNAVY,BLACK/GREY,,,,216136-BKGY
146,3,NAVY/BLUE,YELLOW/BLACK,,,,220540-NVBL
147,6,NNNAVY,TTAUPE,BBBBLACK,,,216267-BLK
148,5,NAVY/BLUE,CHARCOAL/ORANGE,,,,54256ID-CCOR
149,5,CCHOCOLATE,BBLACK,,,,54255ID-BBK
150,3,GREY/PINK,NAVY/LIGHT BLUE,,,,124885-NVLB
151,3,BLUE,LLIGHT BLUE,,,,172078-BLLM
152,3,PINK,PURPLE,,,,172079-PKPR
153,2,BLUE,LLIGHT BLUE,,,,172078-LTBL
154,4,BLACK/MULTI,,,,,124942-BKMT
155,3,PINK,PURPLE,,,,172079-PUR
156,5,GREY,MMAUVE,NNNAVY,,,149710-MVE
157,1,GREY/PINK,NAVY/BLUE,,,,128924-GYPK
158,1,BLACK/WHITE,MMAUVE,,,,149817-BKW
159,2,BLACK/WHITE,MMAUVE,,,,149817-MVE
160,1,GREY/PINK,NAVY/BLUE,,,,128924-NVBL
161,1,BLACK/GOLD,ROSE GOLD,,,,149591-RSGD
162,1,GREY,MMAUVE,,,,136541-GRY
163,2,BLACK/GOLD,ROSE GOLD,,,,149591-BKGD
164,2,GREY,MMAUVE,,,,136541-MVE
165,1,GREY,MMAUVE,NNNAVY,,,149710-GRY
166,1,WHITE/RED,,,,,177965-WRD
167,4,MMAUVE,TEAL,GRAY/PINK,LAVENDER,,172053-TEAL
168,1,BLACK/WHITE,MULTI,,,,177960-BKW
169,1,BLACK/RED,,,,,177964-BKRD
170,1,BLACK/RED,,,,,177967-BKRD
171,2,NNNAVY,PLUM,,,,150020-PLUM
172,2,NNNAVY,PLUM,,,,150020-NVY
173,4,BLACK/PURPLE,NAVY/BLUE,,,,130008-NVBL
174,3,MMAUVE,TEAL,GRAY/PINK,LAVENDER,,172053-MVE
175,5,SLATE,PPINK,TEAL,CCORAL,,172034-PNK
176,4,WHITE/RED/PINK,LLLIGHT PINK,WHITE,WHITE/MULTI,,155507-WRNV
177,2,PURPLE,MMAUVE,MINT,SLATE,PLUM,73690-RST
178,5,SLATE,PPINK,TEAL,CCORAL,,172034-SLT
179,3,BLACK/MULTI,WHITE,,,,177981-WMLT
180,4,LLLIGHT PINK,GGREEN,,,,177138-LTPK
181,3,NATURAL,BLACK,,,,149389-BKMT
182,4,LLLIGHT PINK,GGREEN,,,,177138-GRN
183,4,MMAUVE,TEAL,GRAY/PINK,LAVENDER,,172053-GYPK
184,2,NATURAL,BLACK,,,,149389-NTBK
185,1,MMAUVE,,,,,177421-MVE
186,2,BLACK/PINK,NAVY/LAVENDER,,,,150024-BKPK
187,2,BLACK/PINK,NAVY/LAVENDER,,,,150024-NVLV
188,5,RRUST,BBURGUNDY,TAN,NAVY/GREY,DARK TAUPE,140220-BURG
189,1,NNNAVY,ROSE,,,,140226-NVY
190,5,BLACK/WHITE,MMAUVE,LILAC,BBLACK,,140221-MVE
191,4,RRUST,BBURGUNDY,TAN,NAVY/GREY,DARK TAUPE,140220-BBK
192,1,NNNAVY,ROSE,,,,140226-ROS
193,1,NNNAVY,SAGE,,,,140235-NVY
194,1,NNNAVY,SAGE,,,,140235-SAGE
195,3,BBLACK,NNNAVY,,,,124963-BBK
196,1,LLLIGHT PINK,NNNAVY,,,,140460-NVY
197,3,GREY,PLUM,NNNAVY,,,124569-PLUM
198,5,WHITE/MULTI,,,,,172025-WMLT
199,3,GREY,PLUM,NNNAVY,,,124569-GRY
200,2,CHARCOAL/BLUE,BLACK/BURGUNDY,,,,128571-CCBL
201,1,CHARCOAL/BLUE,BLACK/BURGUNDY,,,,128571-BKBU
202,1,GOLD,,,,,140431-GLD
203,2,BBLACK,MMAUVE,NNNAVY,,,32495ID-BBK
204,1,PINK/YELLOW,NAVY/ORANGE,NAVY/PINK,,,14234ID-NVPK
205,3,BLACK/MULTI,,,,,140465-BKMT
206,5,RRUST,BBURGUNDY,TAN,NAVY/GREY,DARK TAUPE,140220-RUST
207,4,BBLACK,NNNAVY,,,,124963-NVY
208,5,BBURGUNDY,TAUPE/PINK,,,,124735-TPPK
209,4,BBLACK,TTAUPE,,,,158156-BBK
210,5,RRUST,BBURGUNDY,TAN,NAVY/GREY,DARK TAUPE,140220-TAN
211,4,NNNAVY,,,,,140459-NVY
212,4,BLACK/LIGHT PINK,NAVY/BLUE,ROSE,NATURAL/BLUE,,104251-NTBL
213,4,BLACK/LIGHT PINK,NAVY/BLUE,ROSE,NATURAL/BLUE,,104251-ROS
214,1,PLUM,MMAUVE,WHITE/PINK,ROSE,,128320-WPK
215,3,PLUM,MMAUVE,WHITE/PINK,ROSE,,128320-MVE
216,1,BLACK/WHITE,MMAUVE,LILAC,BBLACK,,140221-BBK
217,1,PLUM,MMAUVE,WHITE/PINK,ROSE,,128320-ROS
218,1,BBLACK,PURPLE,,,,119783-PUR
219,4,PURPLE,MMAUVE,MINT,SLATE,PLUM,73690-DKMV
220,1,MMAUVE,NAVY/BLUE,SAGE,CCHARCOAL,RASPBERRY,104164-SAGE
221,1,MMAUVE,NAVY/BLUE,SAGE,CCHARCOAL,RASPBERRY,104164-CHAR
222,4,ROSE,BLACK/WHITE,,,,149708-BKW
223,4,ROSE,BLACK/WHITE,,,,149708-ROS
224,4,GREY,MMAUVE,NNNAVY,,,149710-NVY
225,4,NAVY/HOT PINK,WHITE/HOT CORAL,,,,124933-NVHP
226,5,NAVY/HOT PINK,WHITE/HOT CORAL,,,,124933-WCRL
227,3,BLACK/LIGHT BLUE,GREY/LAVENDER,,,,125129-GYLV
228,3,NNNAVY,GREY,,,,149709-NVY
229,4,LIME,LAVENDER,PPINK,,,111450-PNK
230,4,WHITE BLACK,,,,,172026-WBK
231,4,LIME,LAVENDER,PPINK,,,111450-LAV
232,2,BLACK/HOT PINK,NAVY/LAVENDER,,,,124888-BKHP
233,4,LIME,LAVENDER,PPINK,,,111450-LIME
234,4,BLACK/HOT PINK,NAVY/LAVENDER,,,,124888-NVLV
235,1,BBLACK,MMAUVE,,,,111378-MVE
236,4,BLACK/PINK,,,,,128579-BKPK
237,4,GREY,PLUM,NNNAVY,,,124569-NVY
238,2,BBLACK,ROSE GOLD,,,,119293-BBK
239,4,LLLIGHT PINK,,,,,140433-LTPK
240,1,NAVY/MULTI,OFF WHITE/PINK,,,,149568-NVMT
241,4,NAVY/HOT PINK,BLACK/AQUA,,,,124524-NVHP
242,4,NAVY/HOT PINK,BLACK/AQUA,,,,124524-BKAQ
243,4,BBLACK,ROSE GOLD,,,,119293-RSGD
244,3,LIGHT MAUVE,NAVY/WHITE,GREY/PINK,,,15304ID-NVW
245,1,LLLIGHT PINK,NNNAVY,,,,124906-LTPK
246,4,NAVY/MULTI,TTAUPE,ROSE GOLD,,,119136-RSGD
247,4,NVY/SLVR,BLACK/SILVER,CHOCOLATE/MULTI,,,119649-NVSL
248,4,BBBBLACK,PPINK,,,,119571-BLK
249,2,BBLACK,MMAUVE,NNNAVY,,,32495ID-MVE
250,2,BLACK/MULTI,NAVY/MULTI,,,,128334-BKMT
251,3,BBLACK,MMAUVE,NNNAVY,,,32495ID-NVY
252,5,BBURGUNDY,TAUPE/PINK,,,,124735-BURG
253,3,BLACK/MULTI,NAVY/MULTI,,,,128334-NVMT
254,4,MMAUVE,,,,,111225-MVE
255,4,BLACK/PURPLE,NAVY/BLUE,,,,130008-BKPR
256,3,MMAUVE,,,,,111016-MVE
257,4,BBBBLACK,PPINK,,,,119571-PNK
258,4,LIGHT MAUVE,NAVY/WHITE,GREY/PINK,,,15304ID-GYPK
259,2,TTAUPE,NNNAVY,,,,100453-NVY
260,4,BLUSH,,,,,113564-BLSH
261,5,MMULTI,BLUE,,,,140435-MULT
262,4,MMULTI,BLUE,,,,140435-BLU
263,4,NNNAVY,TTAUPE,,,,119647-TPE
264,4,SLATE,MMAUVE,,,,163276-MVE
265,5,BLACK/LIGHT BLUE,LAVENDER,GREY/MINT,WHITE/HOT CORAL,PPINK,149356-WCRL
266,4,LILAC,SLATE,,,,119250-LIL
267,1,WWWHITE,,,,,155521-WHT
268,4,LILAC,SLATE,,,,119250-SLT
269,4,SLATE,MMAUVE,,,,163276-SLT
270,1,PINK/YELLOW,NAVY/ORANGE,NAVY/PINK,,,14234ID-PKYL
271,1,OFF WHITE,PINK/GOLD,BLACK/GOLD,WWHITE/GOLD,,155637-OFWT
272,5,LAVENDER/MULTI,BLACK/MULTI,,,,149814-LVMT
273,4,BLACK/PURPLE,GGREY/MULTI,BLACK/MINT,NATURAL/MULTI,,149368-BKMN
274,3,BLACK/PURPLE,GGREY/MULTI,BLACK/MINT,NATURAL/MULTI,,149368-NTMT
275,4,BLACK/LIGHT BLUE,GREY/LAVENDER,,,,125129-BKLB
276,4,NAVY/PINK,BLACK/TURQUOISE,PINK/ORANGE,TURQUOISE/LIME,,124912-BKTQ
277,4,BLACK/LIGHT BLUE,LAVENDER,GREY/MINT,WHITE/HOT CORAL,PPINK,149356-PNK
278,4,OFF WHITE,PINK/GOLD,BLACK/GOLD,WWHITE/GOLD,,155637-PKGD
279,3,BBBBLACK,GREY,NNNAVY,TTAUPE,LLLIGHT PINK,124409-TPE
280,4,LAVENDER/MULTI,BLACK/MULTI,,,,149814-BKMT
281,4,GREY/PINK,NAVY/LIGHT BLUE,,,,124885-GYPK
282,4,BBBBLACK,GREY,NNNAVY,TTAUPE,LLLIGHT PINK,124409-LTPK
283,4,NAVY/PINK,BLACK/TURQUOISE,PINK/ORANGE,TURQUOISE/LIME,,124912-NVPK
284,5,MMAUVE,NAVY/LAVENDER,,,,124554-MVE
285,4,ROSE,NNNAVY,BBURGUNDY,LLIGHT BLUE,,149684-LTBL
286,1,WHITE/RED/PINK,LLLIGHT PINK,WHITE,WHITE/MULTI,,155507-LTPK
287,1,BBBBLACK,WWWHITE,NATURAL,BBLACK,,155196-NAT
288,2,MMAUVE,NAVY/BLUE,SAGE,CCHARCOAL,RASPBERRY,104164-MVE
289,3,LLLIGHT PINK,BLACK/PINK,GREY/CORAL,BLUE/TURQUOISE,BLACK/LAVENDER,124502-BKLV
290,4,BBBBLACK,,,,,133261-BLK
291,4,WHITE/BLACK/GOLD,,,,,149494-WBGD
292,4,BBLACK,MMAUVE,,,,100360-BBK
293,3,LLLIGHT PINK,BLACK/PINK,GREY/CORAL,BLUE/TURQUOISE,BLACK/LAVENDER,124502-BLTQ
294,1,PURPLE,MMAUVE,MINT,SLATE,PLUM,73690-BLSH
295,4,BLACK/WHITE,MMAUVE,OFF WHITE,NAVY/PURPLE,,149776-NVPR
296,3,MMAUVE,NNNAVY,,,,124530-MVE
297,4,BLACK/LIGHT BLUE,LAVENDER,GREY/MINT,WHITE/HOT CORAL,PPINK,149356-SLT
298,4,MMAUVE,NNNAVY,,,,124530-NVY
299,3,BBLACK,TTAUPE,,,,158156-TPE
300,20, Puma Black-Puma White, High Risk Red, Gray Violet, Peacoat, Honey Mustard, 374915_01
301,15, Purple Glimmer-Green Gecko,,,,, 378916_01
302,15, PUMA White,,,,, 379303_01
303,20, Puma Black-Puma Black, High Risk Red, Gray Violet, Peacoat, Honey Mustard, 374915_12
304,20, Peacoat-Puma White, High Risk Red, Gray Violet, Peacoat, Honey Mustard, 374915_04
305,20, Steel Gray-Puma White, High Risk Red, Gray Violet, Peacoat, Honey Mustard, 374915_07
306,20, High Risk Red-Puma White, High Risk Red, Gray Violet, Peacoat, Honey Mustard, 374915_02
307,20, Cabernet-Puma White, High Risk Red, Gray Violet, Peacoat, Honey Mustard, 374915_06
308,15, Feather Gray-Lime Smash,,,,, 379235_01
309,20, Honey Mustard-Puma White, High Risk Red, Gray Violet, Peacoat, Honey Mustard, 374915_05
310,17, Warm White-Warm White,,,,, 394873_01
311,13, Metallic Gold-Fiery Coral,,,,, 379223_01
312,15, Fluro Green Pes-PUMA Green-Fluro Yellow Pes,,,,, 379233_01
313,20, Gray Violet-Puma White, High Risk Red, Gray Violet, Peacoat, Honey Mustard, 374915_03
314,19, Puma Black, Puma Black, Puma White,,, 380190_02
315,19, Puma White-Puma Black, Puma White, Puma Black,,, 374923_02
316,20, PUMA Black-PUMA White-Fire Orchid, Silver Sky, Persian Blue, Alpine Snow,, 107563_01
317,12, PUMA White-Alpine Snow, PUMA White,,,, 392718_04
318,13, PUMA Black-Stormy Slate-For All Time Red, For All Time Red, Club Navy,,, 379601_01
319,17, PUMA Black-PUMA Black, PUMA Black,,,, 392787_07
320,, Poison Pink-Fluro Orange Pes,,,,, 379330_01
321,16, Pebble-Gum, Pebble,,,, 381174_02
322,19, Puma Black-Puma Black, Puma White, Puma Black,,, 374923_03
323,13, Amber-PUMA Black-Puma White,,,,, 307791_01
324,19, Sedate Gray-Pinktastic,,,,, 393078_01
325,18, Puma Black-Puma Team Gold, Puma Black,,,, 366408_02
326,19, Puma White-Puma White, Puma White, Puma Black,,, 374923_01
327,21, PUMA Black-Warm White-Gum, Speed Blue, Lavender Alert,,, 396403_01
328,20, PUMA White-PUMA Black-Vapor Gray,,,,, 397116_01
329,15, PUMA Black-PUMA White-Lime Squeeze,,,,, 378541_02
330,18, Myrtle-Myrtle-PUMA Black, Myrtle, Ultra Blue,,, 387272_05
331,18, Puma White-Puma Team Gold, Puma Black,,,, 366408_01
332,18, Ash Gray-For All Time Red-PUMA Black, Myrtle, Ultra Blue,,, 387272_04
333,20, Malachite-PUMA White, High Risk Red, Gray Violet, Peacoat, Honey Mustard, 374915_89
334,18, Sand Dune-Bold Blue-PUMA White,,,,, 307211_07
335,14, Puma Black,,,,, 376807_01
336,13, Club Navy-PUMA Black-Electric Lime, For All Time Red, Club Navy,,, 379601_03
337,13, Pumpkin Pie-Amber,,,,, 393260_01
338,13, Smokey Gray-Cool Light Gray,,,,, 394798_01
339,12, Alpine Snow-Alpine Snow, PUMA Black,,,, 392787_04
340,13, Puma White-Silver,,,,, 376941_04
341,11, Dusty Tan, Dusty Tan,,,, 378436_02
342,13, Warm White-Parisian Night, Warm White,,,, 394799_03
343,19, Reflex Blue C-PUMA White-Sedate Gray, Reflex Blue C,,,, 307936_02
344,13, For All Time Red-Dark Orange-PUMA Black,,,,, 395542_01
345,13, PUMA Black-PUMA Silver-Yellow Blaze,,,,, 378453_01
346,13, Puma Black-Gum, Pebble,,,, 381174_01
347,15, PUMA Black-Dusty Green-Neon Sun,,,,, 307648_04
348,19, Puma White, Puma Black, Puma White,,, 380190_01
349,13, PUMA Black-Shadow Gray, PUMA White,,,, 392718_01
350,13, For All Time Red-PUMA Black-Gray Fog, For All Time Red, Club Navy,,, 379601_02
351,13, Inky Blue-Persian Blue, Cast Iron,,,, 393152_01
352,13, Puma White-Puma White,,,,, 387286_01
353,18, PUMA Black-PUMA White-Dark Coal, Reflex Blue C,,,, 307936_01
354,13, PUMA Black, Cherry Tomato, Puma Black, PUMA Black, PUMA White, 376151_19
355,13, PUMA Black-Malachite-Yellow Burst,,,,, 378472_01
356,10, Rosso Corsa-PUMA Black,,,,, 307997_01
357,15, Puma Black-Puma White, Puma White, Peacoat,,, 384139_01
358,13, PUMA White-Racing Blue-Lemon Meringue-Parakeet Green,,,,, 107610_01
359,13, PUMA Black-Alpine Snow-PUMA Gold-PUMA White,,,,, 107609_01
360,13, Puma Black-CASTLEROCK, Cherry Tomato, Puma Black, PUMA Black, PUMA White, 376151_04
361,18, Puma White-Puma Team Gold, Puma White, Puma Black, PUMA White,, 386759_01
362,12, Pristine-Elektro Purple,,,,, 386329_06
363,19, PUMA White-PUMA Black,,,,, 307999_01
364,15, PUMA White-PUMA Navy-PUMA Silver,,,,, 397418_01
365,13, Ultra Blue-PUMA Black-PUMA Silver, Ultra Blue, Fire Orchid, Yellow Burst, Lime Pow, 377757_11
366,12, CASTLEROCK-Puma Black-High Risk Red,,,,, 385754_01
367,17, Alpine Snow-Warm White, Icy Blue,,,, 393747_01
368,13, PUMA White-Vapor Gray-Gum, PUMA Black,,,, 396464_01
369,12, PUMA White-PUMA Silver-Cherry Tomato, Cherry Tomato,,,, 380017_01
370,13, Puma White-Puma New Navy-Puma Team Gold, Puma White,,,, 364669_02
371,12, Puma White-Puma Black, Puma White, Peacoat,,, 384139_02
372,17, PUMA Black-PUMA White,,,,, 307789_01
373,13, PUMA White,,,,, 307784_02
374,13, PUMA Black-Feather Gray-Gum, PUMA Black,,,, 396464_03
375,15, For All Time Red-Dark Orange-PUMA Black,,,,, 395281_01
376,19, Granola-PUMA Black-Puma Team Gold, Granola,,,, 393490_04
377,19, PUMA Black-PUMA White, Rosso Corsa,,,, 307822_01
378,11, Eucalyptus-PUMA Black-Neon Sun,,,,, 377858_06
379,19, Rosso Corsa-Frosted Ivory,,,,, 307817_01
380,19, Sedate Gray-PUMA White,,,,, 396704_02
381,19, Sugared Almond-Prairie Tan, PUMA Black, PUMA White,,, 389267_10
382,13, Puma Black-Harbor Mist-Cherry Tomato, Cherry Tomato, Puma Black, PUMA Black, PUMA White, 376151_01
383,13, Concrete Gray-Flat Dark Gray, Concrete Gray,,,, 379139_03
384,11, Puma White-Puma Black-Puma Team Gold, Puma White,,,, 364669_01
385,12, Granola-Sand Dune-PUMA Black-Spring Fern,,,,, 395033_01
386,12, Cherry Tomato-PUMA Black, Cherry Tomato,,,, 380017_02
387,19, Pink Delight-PUMA Green, Pink Delight,,,, 393473_18
388,19, PUMA White-PUMA Navy,,,,, 394687_01
389,12, For All Time Red-Ultra Blue, PUMA White,,,, 195336_08
390,19, Cobalt Glaze-Pelé Yellow, Pink Delight,,,, 393473_17
391,13, PUMA Black-Pop Red,,,,, 307986_01
392,17, PUMA Black-Gray Tile-Fast Yellow, Cherry Tomato, Puma Black, PUMA Black, PUMA White, 376151_17
393,13, Fall Foliage-Alpine Snow-Cool Light Gray,,,,, 394057_01
394,20, PUMA Black-Asphalt, PUMA Black, Ultra Blue, Yellow Blaze,, 107311_02
395,13, PUMA White-PUMA White, PUMA White,,,, 307751_02
396,19, Alpine Snow-Chocolate Chip-Puma Team Gold, Granola,,,, 393490_03
397,12, PUMA White-PUMA Silver-Cherry Tomato,,,,, 379068_04
398,14, Icy Blue-Warm White, Icy Blue,,,, 393747_02
399,13, PUMA Black, Ultra Blue, Fire Orchid, Yellow Burst, Lime Pow, 377757_01
400,17, PUMA Black-Light Mint-PUMA White, PUMA Black,,,, 307920_02
401,13, Inky Blue-PUMA Black-Neon Sun, Inky Blue, Eucalyptus, Neon Sun, PUMA Black, 377745_03
402,17, PUMA Black-Cayenne-Wood Violet, Cherry Tomato, Puma Black, PUMA Black, PUMA White, 376151_13
403,13, PUMA Black-Shadow Gray, Concrete Gray,,,, 379139_01
404,12, Eucalyptus-Alpine Snow-PUMA Black, Inky Blue, Eucalyptus, Neon Sun, PUMA Black, 377745_04
405,13, PUMA Black-Dark Coal, Inky Blue, Eucalyptus, Neon Sun, PUMA Black, 377745_01
406,17, Rosso Corsa-PUMA White, Rosso Corsa,,,, 307822_02
407,19, PUMA Black-PUMA Black, PUMA Black, PUMA White,,, 389267_17
408,19, Cayenne Pepper-Astro Red,,,,, 393301_02
409,13, Glacial Gray-PUMA Black,,,,, 393286_01
410,13, Frosted Ivory-Granola,,,,, 392721_01
411,19, PUMA Black-PUMA White, PUMA White,,,, 307751_01
412,18, PUMA Black-PUMA White, PUMA Black, Warm White,,, 390932_02
413,21, PUMA Navy,,,,, 379886_01
414,15, PUMA White-PUMA Navy-Lime Squeeze, PUMA White,,,, 379081_03
415,13, PUMA Black-Spectra Green,,,,, 307847_01
416,13, Feather Gray-Warm White,,,,, 393151_01
417,19, PUMA White-Sedate Gray, Feather Gray, PUMA Black, Smokey Gray,, 392982_01
418,13, Day Dream-Yellow Sizzle-Dark Night,,,,, 395121_01
419,15, PUMA White-PUMA White,,,,, 392085_01
420,13, PUMA Black-PUMA White, Eucalyptus,,,, 378687_01
421,17, Cherry Tomato-Puma Black, Cherry Tomato, Puma Black, PUMA Black, PUMA White, 376151_02
422,23, Myrtle-PUMA Black-Yellow Burst, Cherry Tomato, Puma Black, PUMA Black, PUMA White, 376151_22
423,13, PUMA Black-Yellow Burst-Malachite, PUMA Black,,,, 378734_02
424,12, Peacoat-Puma White, Puma White, Peacoat,,, 384139_04
425,13, Sand Dune-Concrete Gray-Granola, Sand Dune,,,, 393306_02
426,12, PUMA White-Ultra Blue, PUMA White,,,, 195336_09
427,15, PUMA White-Pristine,,,,, 392086_01
428,13, PUMA Black,,,,, 392862_01
429,13, PUMA Black-Astro Red-Alpine Snow,,,,, 378457_01
430,13, Eucalyptus-PUMA Black, Eucalyptus,,,, 378687_02
431,19, Rosso Corsa-Frosted Ivory,,,,, 307998_01
432,13, PUMA White-Malachite, Puma White, Puma Black, PUMA White,, 386759_10
433,16, Bold Blue-Dark Clove-Pro Green-Fire Orchid-Koral Ice, Lime Squeeze,,,, 379079_03
434,19, Chocolate Chip-Flaxen,,,,, 393449_02
435,19, PUMA Black-Frosted Ivory,,,,, 393115_02
436,13, Sand Dune-Concrete Gray-Warm White, Sand Dune,,,, 393306_01
437,12, PUMA Black-Pop Red,,,,, 307940_01
438,15, PUMA White-Pristine,,,,, 391966_01
439,12, Dusty Tan,,,,, 378434_02
440,12, PUMA White-PUMA Black, PUMA Black, Warm White,,, 390932_01
441,19, PUMA Black-Warm White, Rosso Corsa,,,, 307826_01
442,15, Lime Squeeze-PUMA White, Lime Squeeze,,,, 379079_05
443,13, PUMA Black-Dark Coal, Neon Sun,,,, 307684_01
444,11, Ultra Blue-Luminous Pink-Luminous Blue,,,,, 107553_01
445,19, PUMA White,,,,, 393114_01
446,19, Rosso Corsa-Warm White, Rosso Corsa,,,, 307826_02
447,14, Fire Orchid-Puma Black, Ultra Blue,,,, 195337_16
448,12, PUMA Black-PUMA Silver,,,,, 378474_01
449,14, Yellow Blaze-PUMA White-PUMA Black, Yellow Blaze,,,, 107422_04
450,12, PUMA Black-Warm White-Gum, Speed Blue, Lavender Alert,,, 399332_01
451,12, Lavender Alert-Burnt Red-Gum, Speed Blue, Lavender Alert,,, 399332_03
452,12, Speed Blue-Lime Pow-Gum, Speed Blue, Lavender Alert,,, 399332_02
453,12, Dark Jasper-Puma Team Gold-PUMA White, Dark Jasper,,,, 398949_02
454,12, Malachite-Puma Team Gold-PUMA White, Dark Jasper,,,, 398949_01
455,12, PUMA White-Malachite-Puma Team Gold,,,,, 397113_01
456,19, Malachite-Warm White, PUMA Black,,,, 397112_01
457,19, PUMA Black-PUMA Black, PUMA Black,,,, 397112_02
458,12, Puma White-Puma White, Puma White,,,, 369155_01
459,12, Puma Black-Puma White, High Risk Red, Marshmallow, Lily Pad, Icy Blue, 381410_01
460,12, Puma White-Puma Black, Puma White,,,, 369155_04
461,11, Puma White-Puma Black, Puma White,,,, 381983_01
462,12, Puma White, Puma Black,,,, 384209_01
463,12, Puma White-Puma White, Puma Black,,,, 373438_01
464,12, High Risk Red-Puma White, High Risk Red, Marshmallow, Lily Pad, Icy Blue, 381410_02
465,12, PUMA White, PUMA Black, PUMA White, PUMA Black,, 392730_01
466,9, Whisper White-ARUBA BLUE,,,,, 392710_01
467,12, PUMA White-Gold-Warm White,,,,, 397089_01
468,17, Puma White-Puma Team Gold, Puma Black,,,, 366408_01
469,12, Puma Black-Puma White, Puma Black,,,, 373438_02
470,12, Puma Black-Puma White,,,,, 380784_01
471,12, Marshmallow-Puma White, High Risk Red, Marshmallow, Lily Pad, Icy Blue, 381410_10
472,12, Dark Myrtle, Dark Myrtle,,,, 399262_02
473,12, Frosty Pink-Ravish-Pearl Pink, Frosty Pink,,,, 393772_05
474,18, Puma Black-Puma Team Gold, Puma Black,,,, 366408_02
475,10, PUMA White-Feather Gray,,,,, 379140_01
476,12, Frosty Pink-Warm White, Frosty Pink,,,, 393772_02
477,10, Puma White-Peyote, Puma White,,,, 381983_02
478,12, Warm White, PUMA Black,,,, 393065_01
479,12, Granola-Warm White, High Risk Red, Marshmallow, Lily Pad, Icy Blue, 381410_90
480,12, PUMA Black,,,,, 396352_02
481,12, Club Navy, Dark Myrtle,,,, 399262_01
482,12, PUMA White,,,,, 394755_02
483,19, Sedate Gray-Pinktastic,,,,, 393078_01
484,12, Frosted Ivory-Warm White-Cashew,,,,, 397090_01
485,12, Iridescent-PUMA White,,,,, 392886_01
486,9, Pristine-Prairie Tan,,,,, 396449_01
487,12, Pristine-Marshmallow,,,,, 385248_01
488,19, Sedate Gray-PUMA White,,,,, 396704_02
489,12, Ash Gray-PUMA White-Yellow Burst-Vivid Violet, Ash Gray,,,, 377540_05
490,15, PUMA White-PUMA White,,,,, 392085_01
491,15, PUMA White-Pristine,,,,, 392086_01
492,12, Vibrant Red, Dusty Tan,,,, 378437_01
493,12, PUMA White-PUMA White-PUMA Gold, PUMA White,,,, 393802_09
494,11, Icy Blue-Ultra Blue, Ash Gray,,,, 377540_04
495,12, Puma White,,,,, 396172_01
496,12, PUMA White-PUMA Black, PUMA Black, PUMA White, PUMA Black,, 392730_04
497,12, PUMA Black, Chocolate,,,, 394786_01
498,12, Puma White-Puma Black-Gray Violet,,,,, 383112_04
499,12, PUMA Black-PUMA White, PUMA Black, PUMA White, PUMA Black,, 392730_08
500,12, PUMA Black, PUMA Black, PUMA White, PUMA Black,, 392730_02
501,12, Fresh Mint-Fast Pink, Cobalt Glaze,,,, 397643_02
502,5, PUMA Black, Frosted Ivory,,,, 389454_04
503,12, PUMA Black-PUMA Silver, PUMA Black, Fire Orchid,,, 378456_01
504,12, Fire Orchid-PUMA Black-PUMA Silver, Fire Orchid,,,, 377758_09
505,12, Eucalyptus-Alpine Snow-PUMA Black, Cool Dark Gray, Eucalyptus, Alpine Snow, Active Red, 377746_04
506,20, Light Aqua-PUMA White,,,,, 378318_02
507,12, Dark Jasper-Warm White,,,,, 371008_27
508,12, Fire Orchid-Ultra Blue,,,,, 376262_21
509,12, PUMA Black-Feather Gray-Gum, PUMA Black,,,, 397647_03
510,12, Icy Blue-PUMA Silver-Regal Blue, Fire Orchid,,,, 377316_07
511,12, PUMA White-Warm White-Dark Jasper, PUMA White,,,, 389853_06
512,12, PUMA Black, PUMA Black,,,, 393065_02
513,21, PUMA Navy,,,,, 379886_01
514,19, Cayenne Pepper-Astro Red,,,,, 393301_02
515,12, Fire Orchid-PUMA Black-Icy Blue, Fire Orchid, Poison Pink,,, 376855_22
516,18, PUMA Black-PUMA White, PUMA Black, Warm White,,, 390932_02
517,13, Alpine Snow-Asphalt-Yellow Blaze, Alpine Snow,,,, 107565_03
518,11, PUMA Black-PUMA White, Fire Orchid,,,, 377758_01
519,13, Ultra Blue-PUMA White-Pro Green, Ultra Blue,,,, 107507_03
520,12, Puma Black, Puma Black,,,, 384209_02
521,12, PUMA White-PUMA Black, PUMA White,,,, 393802_01
522,5, Frosted Ivory, Frosted Ivory,,,, 389454_05
523,11, Ivory Glow-PUMA Navy,,,,, 394920_01
524,12, PUMA White-Frosty Pink,,,,, 395461_11
525,12, Pink Delight-PUMA Green-Gum,,,,, 397858_01
526,12, Warm White-Toasted Almond-Cashew,,,,, 396444_01
527,12, Sugared Almond-PUMA Gold,,,,, 309720_04
528,12, Fire Orchid-PUMA Silver-Icy Blue, Fire Orchid,,,, 377316_09
529,12, Alpine Snow-Ultra Blue-Yellow Burst, Cool Dark Gray, Eucalyptus, Alpine Snow, Active Red, 377746_05
530,12, PUMA White-Cherry Tomato, Cherry Tomato,,,, 309758_01
531,19, Chocolate Chip-Flaxen,,,,, 393449_02
532,12, Koral Ice-Speed Green, Koral Ice,,,, 378482_02
533,19, PUMA Black-Warm White, Rosso Corsa,,,, 307826_01
534,12, PUMA Black-PUMA White-Dark Coal,,,,, 378823_01
535,12, PUMA White-PUMA Black, PUMA Black, Warm White,,, 390932_01
536,19, Rosso Corsa-Warm White, Rosso Corsa,,,, 307826_02
537,13, Cobalt Glaze-PUMA White, Fresh Mint, Vine, Cobalt Glaze, Club Red, 396463_07
538,12, PUMA White-Speed Green, PUMA Black,,,, 378688_02
539,12, PUMA Black-Koral Ice-Speed Green-PUMA Silver, Koral Ice,,,, 378482_01
540,16, Sedate Gray-Sedate Gray, Sedate Gray,,,, 393314_02
541,12, PUMA Black-Bold Blue-Future Pink, PUMA Black,,,, 378688_03
542,12, Cherry Tomato-PUMA Black, Cherry Tomato,,,, 309758_02
543,19, Ultra Orange-PUMA Black,,,,, 378096_02
544,12, PUMA Black-Peach Smoothie-Speed Green, PUMA Black, Fire Orchid,,, 378456_03
545,12, Chocolate, Chocolate,,,, 394786_04
546,12, PUMA White-Warm White,,,,, 394749_01
547,11, Dusty Tan, Dusty Tan,,,, 378437_02
548,, Pelé Yellow-Club Red, Fresh Mint, Vine, Cobalt Glaze, Club Red, 396463_01
549,12, PUMA White-Fire Orchid-PUMA Black, PUMA White, PUMA Black,,, 376169_10
550,12, PUMA White-Icy Blue-Warm White, PUMA White,,,, 393764_03
551,, Club Red-Club Navy, Fresh Mint, Vine, Cobalt Glaze, Club Red, 396463_09
552,12, PUMA Black-Strawberry Burst-Yellow Blaze,,,,, 378454_01
553,12, Vine-Clementine, Fresh Mint, Vine, Cobalt Glaze, Club Red, 396463_05
554,12, PUMA Black-Intense Lavender,,,,, 394508_03
555,12, Cool Dark Gray-Koral Ice, Cool Dark Gray, Eucalyptus, Alpine Snow, Active Red, 377746_03
556,12, PUMA Black-Cool Dark Gray-PUMA Silver,,,,, 378791_01
557,12, Frosted Ivory-PUMA White, PUMA White,,,, 393764_02
558,12, PUMA Black-Cool Dark Gray-PUMA Silver, Cool Dark Gray, Eucalyptus, Alpine Snow, Active Red, 377746_01
559,12, PUMA Black-Fire Orchid,,,,, 377063_04
560,12, PUMA Black-Strawberry Burst-Yellow Blaze,,,,, 378684_01
561,13, Persian Blue-PUMA White-Pro Green, Persian Blue,,,, 107356_03
562,11, Warm White-Bright Melon,,,,, 379114_01
563,19, Persian Blue-Orange Brick,,,,, 393326_01
564,14, PUMA Black-Koral Ice-Speed Green,,,,, 378906_01
565,12, PUMA Black-Platinum Gray, Ash Gray, Dark Jasper,,, 377855_01
566,12, Astro Red-Fire Orchid-PUMA Black,,,,, 377839_02
567,12, Fire Orchid-Ultra Blue, PUMA Black, Fire Orchid,,, 378456_05
568,12, PUMA Black-Purple Pop-Yellow Burst,,,,, 377508_04
569,11, PUMA Black-Cool Cobalt-Pop Red,,,,, 307761_01
570,12, Ash Gray-Alpine Snow-Koral Ice, Ash Gray, Dark Jasper,,, 377855_06
571,13, PUMA White-Fire Orchid-Ultra Blue-PUMA Black, PUMA White,,,, 377787_03
572,13, PUMA Black-Cool Dark Gray,,,,, 377942_01
573,12, Warm White-Yellow Burst-Parakeet Green, PUMA Black, Warm White,,, 390932_09
574,12, PUMA Black,,,,, 379288_01
575,12, Neon Sun-Alpine Snow-PUMA Black, Neon Sun,,,, 307685_04
576,12, Dark Jasper-PUMA Black-Fire Orchid, Ash Gray, Dark Jasper,,, 377855_08
577,12, Ash Gray-PUMA Black-Koral Ice, Neon Sun,,,, 307685_03
578,12, Koral Ice-Cool Mid Gray-PUMA Black,,,,, 378551_04
579,, Active Red-Ocean Tropic-Lime Pow, Cool Dark Gray, Eucalyptus, Alpine Snow, Active Red, 377746_07
580,11, Fire Orchid-Ultra Blue-PUMA White,,,,, 376592_05
581,11, Dusty Tan,,,,, 378435_02
582,14, Ghost Pepper-PUMA Black-Pink Glimmer,,,,, 379115_01
583,22, PUMA White-Platinum Gray, PUMA White, PUMA White, PUMA White, PUMA Black, 379082_01
584,12, Adriatic-PUMA Black-Ravish,,,,, 376946_08
585,13, Fresh Mint-Fast Pink, Fresh Mint, Vine, Cobalt Glaze, Club Red, 396463_02
586,12, Yellow Burst-Racing Blue-Pink Glimmer,,,,, 379040_01
587,12, Puma Black,,,,, 383157_02
588,, Poison Pink-PUMA Black-PUMA White, Fire Orchid, Poison Pink,,, 376855_25
589,12, Fire Orchid-Ultra Blue-PUMA White, PUMA White,,,, 377787_02
590,14, Puma Black-Metallic Gold, PUMA White, PUMA Black,,, 376169_01
591,23, Platinum Gray-PUMA White, PUMA White, PUMA White, PUMA White, PUMA Black, 379082_06
592,9, PUMA White-Vapor Gray-Gum, PUMA Black,,,, 397647_01
593,9, For All Time Red-Ultra Blue, PUMA White,,,, 376311_04
594,12, Bright Melon-Frosted Ivory,,,,, 393084_01
595,9, PUMA White-Fire Orchid, PUMA White,,,, 376311_05
596,23, PUMA Black-PUMA White, PUMA White, PUMA White, PUMA White, PUMA Black, 379082_05
597,23, PUMA White-Clyde Royal, PUMA White, PUMA White, PUMA White, PUMA Black, 379082_04
598,23, PUMA White-For All Time Red, PUMA White, PUMA White, PUMA White, PUMA Black, 379082_03
599,23, PUMA White-PUMA Black, PUMA White, PUMA White, PUMA White, PUMA Black, 379082_02
600,16,Earth Strata S23 , Bright Blue , Cloud White , Cloud White , Cloud White , ID9677
601,14,Silver Green S23 , Bright Blue , Cloud White , Cloud White , Cloud White , IF5258
602,24,Core Black , Cloud White , Core Black , Off White , Cloud White , ID1747
603,16,Cloud White , Cloud White , Core Black , Chalk White , Grey Three , HP3130
604,21,Core Black , Cloud White , Core Black , Chalk White , Grey Three , IF2921
605,21,Core Black , Cloud White , Core Black , Chalk White , Grey Three , IF4921
606,26,Core Black , Bright Blue , Cloud White , Cloud White , Cloud White , ID9436
607,16,Cloud White , Bright Blue , Cloud White , Cloud White , Cloud White , IG2372
608,16,Grey Three , Bright Blue , Cloud White , Cloud White , Cloud White , GZ9261
609,21,Core Black , Core Black , Linen Green F22 , Wonder Steel F22 , Core Black , IF3501
610,16,Cloud White , Cloud White , Core Black , Chalk White , Grey Three , ID1746
611,21,Olive Strata , Cloud White , Core Black , Core Black , Cloud White , IF3457
612,16,Core Black , Cloud White , Core Black , Core Black , Cloud White , ID9674
613,24,Core Black , Core Black ,,,, IF3465
614,26,Grey One , Bright Blue , Cloud White , Cloud White , Cloud White , ID9666
615,12,Core Black , Core Black , Core Black , Core Black , Shadow Navy , HP3147
616,24,Core Black , Bright Blue , Cloud White , Cloud White , Cloud White , HP2759
617,17,Shadow Red , Shadow Red ,,,, IF5603
618,17,Cloud White , Core Black , Grey Three , Core Black , Feather Grey , GY7356
619,17,Cloud White , Cloud White , Core Black , Core Black , Cloud White , HP3132
620,16,Crystal White , Grey Four , Core Black , Grey Three , Core Black , IG5461
621,16,Cloud White , Bright Blue , Cloud White , Cloud White , Cloud White , GZ9256
622,16,Core Black , Bright Blue , Cloud White , Cloud White , Cloud White , GZ9257
623,21,Crystal White , Crystal White ,,,, GZ9260
624,16,Carbon , Bright Blue , Cloud White , Cloud White , Cloud White , ID9438
625,21,Pink Strata S23 , Solar Red , Wonder Red , Solar Red , Carbon , IG5876
626,21,Core Black , Wonder Steel F22 , Wonder Steel F22 , Core Black , Wonder Taupe , IF5282
627,21,Better Scarlet S23 , Core Black , Core Black , Non Dyed , Better Scarlet S23 , GW9089
628,24,Better Scarlet S23 , Core Black ,,,, IG5877
629,24,Wonder Beige , Cloud White , Core Black , Cloud White , Grey Three , HQ8397
630,24,Core Black , Solar Red , Wonder Red , Solar Red , Carbon , GZ4307
631,17,Aluminium , Oatmeal , Aluminium , Aluminium ,, GW9088
632,24,Wonder Beige , Bright Blue , Cloud White , Cloud White , Cloud White , GZ9258
633,16,Wonder Beige F23 , Cloud White ,,,, HQ4437
634,17,Carbon , Cloud White , Core Black , Chalk White , Grey Three , HP7820
635,17,Cloud White , Cloud White , Core Black , Core Black , Linen Green , GZ9259
636,16,Aluminium , Oatmeal , Aluminium , Aluminium ,, ID9559
637,16,Lucid Cyan F23 , Arctic Night F23 , Better Scarlet , Core Black , Cloud White , HP5972
638,17,Grey One , Vivid Red , Grey Five , Cloud White , Core Black , HP5971
639,17,Chalk White , Cloud White , Core Black , Chalk White , Grey Three , GW9086
640,25,Wonder Silver F23 , Core Black , Wonder Beige F23 , Core Black , Wonder Silver F23 , HP5974
641,25,Core Black , Bright Blue , Cloud White , Cloud White , Cloud White , IE9257
642,19,Bold Onix , Core Black , Core Black , Non Dyed , Better Scarlet S23 , IG5893
643,16,Olive Strata , Core Black , Core Black , Core Black , Shadow Navy , IF5273
644,16,Core Black , Grey Four , Core Black , Grey Three , Core Black , IG4767
645,21,Core Black , Grey Four , Core Black , Grey Three , Core Black , IF5602
646,19,Core Black , Wonder Steel F22 , Wonder Steel F22 , Core Black , Wonder Taupe , ID0360
647,16,Cloud White , Grey Four , Core Black , Grey Three , Core Black , HP5970
648,21,Cloud White , Grey Four , Core Black , Grey Three , Core Black , IE7652
649,16,Cloud White , Cloud White , Core Black , Chalk White , Grey Three , IG5782
650,24,Cloud White , Cloud White , Core Black , Off White , Cloud White , IG4768
651,25,Core Black , Cloud White , Cloud White , Core Black ,, IG3097
652,25,Core Black , Cloud White , Core Black ,,, HQ5873
653,25,Cloud White , Core Black , Cloud White , Dash Grey , Impact Orange F22 , IE4556
654,25,Wonder Red , Solar Red , Wonder Red , Solar Red , Carbon , HR0063
655,19,Core Black , Arctic Night F23 , Better Scarlet , Core Black , Cloud White , ID9423
656,19,Core Black , Cloud White , Core Black , Off White , Cloud White , HP3129
657,16,Aluminium , Oatmeal , Aluminium , Aluminium ,, GX9524
658,21,Core Black , Solar Red , Wonder Red , Solar Red , Carbon , ID9432
659,16,Wonder Taupe S23 , Core Black , Linen Green F22 , Wonder Steel F22 , Core Black , GX1551
660,19,Cloud White , Core Black , Core Black , Non Dyed , Better Scarlet S23 , IE9249
661,16,Core Black , Cloud White , Core Black , Cloud White , Core Black , ID5901
662,16,Core Black , Core Black , Core Black , Non Dyed , Better Scarlet S23 , IG4777
663,16,Cloud White , Grey Four , Core Black , Grey Three , Core Black , IE4557
664,22,Wonder Taupe S23 , Solar Red , Wonder Red , Solar Red , Carbon , HQ8915
665,22,Core Black , Core Black ,,,, HP5967
666,22,Coral Fusion S23 , Core Black , Linen Green F22 , Wonder Steel F22 , Core Black , HQ5878
667,16,Core Black , Core Black , Cloud White , Dash Grey , Impact Orange F22 , IG5460
668,17,Magic Grey S22 , Vivid Red , Grey Five , Cloud White , Core Black , IE4569
669,16,Cloud White , Cloud White ,,,, IF5619
670,16,Better Scarlet S23 , Solar Red , Wonder Red , Solar Red , Carbon , GY6056
671,17,Core Black , Grey Four , Core Black , Grey Three , Core Black , FV7827
672,21,Core Black , Core Black , Core Black ,,, IF3250
673,16,Active Teal , Cloud White , Core Black , Cloud White , Grey Three , ID9641
674,16,Mineral Green , Grey Four , Core Black , Grey Three , Core Black , IG5892
675,16,Wonder Silver F23 , Solar Red , Wonder Red , Solar Red , Carbon , IG3196
676,17,Non Dyed , Core Black ,,,, ID9422
677,17,Cloud White , Grey Four , Core Black , Grey Three , Core Black , HQ4444
678,16,Collegiate Gold , Core Black , Wonder Beige , Solar Green , Collegiate Gold , IE9214
679,17,Core Black , Core Black ,,,, GW4652
680,14,Aluminium , Core Black , Core Black , Core Black , Shadow Navy , IE9670
681,24,Cloud White , Core Black , Core Black , Core Black , Shadow Navy , HQ8396
682,21,Shadow Navy , Core Black , Core Black , Core Black , Shadow Navy , ID9639
683,16,Grey Six , Core Black , Cloud White , Dash Grey , Impact Orange F22 , ID1747
684,16,Grey One , Core Black , Core Black , Core Black , Shadow Navy , IE5465
685,14,Orbit Grey , Wonder Blue , Cream White , Orbit Grey , Better Scarlet S23 , HQ1443
686,16,Cloud White , Cloud White , Core Black , Core Black , Cloud White , IG2372
687,17,Core Black , Cloud White , Core Black , Off White , Cloud White , ID9675
688,16,Cloud White , Solar Red , Wonder Red , Solar Red , Carbon , IE8211
689,16,Cloud White , Solar Red ,,,, IF5268
690,16,Cloud White , Wonder Beige , Cloud White , Core Black , Grey Three , IG8337
691,16,Wonder Beige F23 , Core Black , Wonder Beige F23 , Core Black , Wonder Silver F23 , ID0273
692,17,Wonder Beige , Arctic Night F23 , Better Scarlet , Core Black , Cloud White , ID9442
693,16,Beam Orange F22 , Vivid Red , Grey Five , Cloud White , Core Black , GZ9261
694,19,Grey Two , Cloud White , Core Black , Cloud White , Grey Three , ID9600
695,21,Core Black , Core Black , Core Black , Core Black , Shadow Navy , HR0066
696,17,Core Black , Core Black , Wonder Beige F23 , Core Black , Wonder Silver F23 , IF5603
697,18,Core Black , Core Black , Core Black , Non Dyed , Better Scarlet S23 , IF8139
698,16,Preloved Yellow , Core Black , Core Black ,,, ID9676
699,16,Cloud White , Solar Red , Wonder Red , Solar Red , Carbon , IG2374
700,14,Dark Brown , Core Black , Cloud White , Core Black , Cloud White , GZ9256
701,17,Core Black , Wonder Beige , Cloud White , Core Black , Grey Three , ID9584
702,17,Core Black , Wonder Beige ,,,, GZ9260
703,14,Core Black , Bright Blue , Cloud White , Cloud White , Cloud White , IF5274
704,14,Core Black , Grey Four , Core Black , Grey Three , Core Black , IF5282
705,21,Core Black , Core Black ,,,, IF5605
706,17,Oatmeal , Oatmeal , Aluminium , Aluminium ,, IG5877
707,14,Cloud White , Bright Blue , Cloud White , Cloud White , Cloud White , ID9639
708,16,Core Black , Core Black , Cloud White , Core Black , Cloud White , ID1747
709,24,Off White , Bright Blue , Cloud White , Cloud White , Cloud White , IE5465
710,14,Carbon , Carbon ,,,, HQ1443
711,14,Core Black , Core Black , Core Black , Core Black , Shadow Navy , IG2372
712,21,Silver Pebble , Cloud White , Core Black , Chalk White , Grey Three , ID9675
713,25,Grey Three , Grey Four , Core Black , Grey Three , Core Black , IE8211
714,16,Core Black , Cloud White , Core Black , Chalk White , Grey Three , IF5268
715,16,Arctic Night F23 , Arctic Night F23 , Better Scarlet , Core Black , Cloud White , IG8337
716,24,Grey Four , Solar Red , Wonder Red , Solar Red , Carbon , ID0273
717,14,Metal Grey , Grey Four , Core Black , Grey Three , Core Black , ID9442
718,14,Core Black , Cloud White , Core Black , Core Black , Cloud White , GZ9261
719,14,Wonder Taupe , Wonder Steel F22 , Wonder Steel F22 , Core Black , Wonder Taupe , ID9600
720,18,Wonder Blue , Wonder Blue , Cream White , Orbit Grey , Better Scarlet S23 , IF5603
721,18,Carbon , Wonder Beige , Cloud White , Core Black , Grey Three , GY6256
722,18,Cloud White , Cloud White , Core Black ,,, FV7227
723,17,Core Black , Wonder Beige , Cloud White , Core Black , Grey Three , IF3220
724,16,Cloud White , Core Black , Cloud White , Core Black , Cloud White , ID9241
725,18,Wonder Silver , Wonder Silver ,,,, IG5822
726,22,Grey Three , Core Black , Core Black , Core Black , Shadow Navy , IG3126
727,16,Cloud White , Bright Blue , Cloud White , Cloud White , Cloud White , ID9222
728,16,Core Black , Core Black , Wonder Beige F23 , Core Black , Wonder Silver F23 , HQ4244
729,18,Cloud White , Core Black , Cloud White , Core Black , Cloud White , IE9224
730,18,Cloud White , Vivid Red , Grey Five , Cloud White , Core Black , GW4622
731,24,Cloud White , Cloud White , Core Black , Off White , Cloud White , IE9620
732,22,Core Black , Vivid Red , Grey Five , Cloud White , Core Black , HQ8326
733,20,Cream White , Wonder Blue , Cream White , Orbit Grey , Better Scarlet S23 , ID9629
734,9,Vivid Red S21 , Grey Four , Core Black , Grey Three , Core Black , ID1727
735,16,Vivid Red S21 , Grey Four ,,,, IE5425
736,21,Unity Orange , Shock Slime , Unity Orange ,,, HQ1423
737,16,Wonder Beige , Core Black , Cloud White , Core Black , Cloud White , IG2322
738,16,Core Black , Cloud White , Core Black , Off White , Cloud White , ID9625
739,20,Cloud White , Cloud White , Core Black , Off White , Cloud White , IE8221
740,18,Bright Royal , Bright Royal , Core Black , Cloud White ,, IF5228
741,18,Grey One , Core Black , Core Black , Core Black , Shadow Navy , IG8327
742,25,Silver Green , Vivid Red , Grey Five , Cloud White , Core Black , ID0223
743,17,Silver Green , Vivid Red ,,,, ID9422
744,25,Cloud White , Cloud White , Core Black , Cloud White , Grey Three , GZ9221
745,25,Core Black , Cloud White ,,,, ID9620
746,25,Grey One , Cloud White , Core Black , Core Black , Linen Green , HR0026
747,19,Wonder Steel F22 , Core Black , Linen Green F22 , Wonder Steel F22 , Core Black , IF5623
748,18,Pulse Mint , Arctic Night F23 , Better Scarlet , Core Black , Cloud White , IF8129
749,16,Core Black , Core Black , Core Black , Core Black , Cloud White , ID9626
750,14,Clay Strata S23 , Clay Strata S23 , Core Black , Shadow Violet ,, ID9677
751,14,Cloud White , Silver Dawn , Core Black , Grey One , Core Black , IF5258
752,21,Core Black , Cloud White , Core Black , Off White , Cloud White , ID1747
753,14,Cloud White , Clay Strata , Cloud White , Earth Strata S23 , Core Black , HP3130
754,14,Cloud White , Clay Strata ,,,, IF2921
755,14,Core Black , Core Black , Core Black , Core Black , Shadow Navy , IF4921
756,17,Carbon , Silver Dawn , Core Black , Grey One , Core Black , ID9436
757,17,Core Black , Silver Dawn , Core Black , Grey One , Core Black , IG2372
758,14,Core Black , Silver Dawn , Core Black , Grey One , Core Black , GZ9261
759,14,Earth Strata S23 , Clay Strata , Cloud White , Earth Strata S23 , Core Black , IF3501
760,14,Earth Strata S23 , Clay Strata ,,,, ID1746
761,14,Off White , Silver Dawn , Core Black , Grey One , Core Black , IF3457
762,14,Pink Strata S23 , Solar Red , Wonder Red , Solar Red , Carbon , ID9674
763,14,Wonder Quartz , Core Black , Cloud White , Core Black , Mineral Green , IF3465
764,14,Core Black , Core Black , Purple Glow ,,, ID9666
765,14,Core Black , Grey Five , Core Black , Chalk White , Cloud White , HP3147
766,14,Core Black , Grey Five ,,,, HP2759
767,14,Cloud White , Grey Four , Core Black , Grey Three , Core Black , IF5603
768,19,Wonder Silver , Wonder Red F22 , Wonder Steel F22 , Core Black , Wonder Taupe , GY7356
769,14,Grey Five , Carbon , Wonder Quartz , Silver Dawn , Shadow Violet F23 , HP3132
770,14,Cloud White , Grey Two , Core Black , Utility Green , Core Black , IG5461
771,14,Core Black , Core Black , Semi Flash Aqua ,,, GZ9256
772,14,Light Solid Grey , Silver Dawn , Core Black , Grey One , Core Black , GZ9257
773,14,Aluminium , Oatmeal , Aluminium , Aluminium ,, GZ9260
774,14,Lucid Cyan F23 , Arctic Night F23 , Better Scarlet , Core Black , Cloud White , ID9438
775,14,Core Black , Chalk White , Core Black ,,, IG5876
776,13,Core Black , Chalk White ,,,, IF5282
777,14,Shadow Red , Silver Dawn , Core Black , Grey One , Core Black , GW9089
778,14,Olive Strata , Core Black , Core Black , Core Black , Shadow Navy , IG5877
779,14,Royal Blue , Core Black , Non Dyed , Core Black , Core Black , HQ8397
780,14,Core Black , Core Black , Grey Three , Core Black , Feather Grey , GZ4307
781,14,Core Black , Core Black , Grey Three , Core Black , Feather Grey , GW9088
782,14,Shadow Violet F23 , Carbon , Wonder Quartz , Silver Dawn , Shadow Violet F23 , GZ9258
783,14,Cloud White , Grey Four , Core Black , Grey Three , Core Black , HQ4437
784,14,Cloud White , Core Black , Cloud White , Core Black , Mineral Green , HP7820
785,14,Core Black , Core Black , Non Dyed , Core Black , Core Black , GZ9259
786,14,Cloud White , Pink Strata , Cloud White , Mgh Solid Grey ,, ID9559
787,17,Cloud White , Cloud White , Core Black , Off White , Cloud White , HP5972
788,14,Core Black , Cloud White , Cloud White , Core Black ,, HP5971
789,14,Core Black , Core Black , Non Dyed , Core Black , Core Black , GW9086
790,14,Halo Blush , Core Black , Cloud White , Core Black , Mineral Green , HP5974
791,14,Wonder White , Core Black , Cloud White , Core Black , Mineral Green , IE9257
792,14,Wonder Quartz S23 , Core Black , Non Dyed , Core Black , Core Black , IG5893
793,14,Core Black , Arctic Night F23 , Better Scarlet , Core Black , Cloud White , IF5273
794,14,Non Dyed , Core Black , Non Dyed , Core Black , Core Black , IG4767
795,21,Cloud White , Core Black , Non Dyed , Core Black , Core Black , IF5602
796,14,Core Black , Cloud White , Core Black , Off White , Cloud White , ID0360
797,14,Aluminium , Oatmeal , Aluminium , Aluminium ,, HP5970
798,14,Core Black , Solar Red , Wonder Red , Solar Red , Carbon , IE7652
799,14,Core Black , Core Black , Wonder Steel F22 , Trace Grey , Core Black , IG5782
800,7,Core Black , Core Black , Core Black , Core Black , Grey Two , IG4768
801,14,Solar Orange , Solar Orange , Grey Two , Core Black , Wild Pink , IG3097
802,17,Chalk White , Chalk White ,,,, HQ5873
803,14,Grey Two , Grey Two , Core Black , Utility Green , Core Black , IE4556
804,14,Core Black , Core Black , Wonder Quartz S23 , Crystal White , Silver Dawn , HR0063
805,14,Core Black , Core Black , Grey Three , Core Black , Feather Grey , ID9423
806,7,Chalk White , Core Black , Non Dyed , Core Black , Core Black , HP3129
807,14,Bliss Lilac , Cloud White , Core Black , Bliss Lilac , Pink Fusion , GX9524
808,12,Cloud White , Core Black , Cloud White , Core Black , Mineral Green , ID9432
809,12,Non Dyed , Core Black ,,,, GX1551
810,14,Cloud White , Core Black , Grey Three , Core Black , Feather Grey , IE9249
811,14,Collegiate Gold , Core Black , Wonder Beige , Solar Green , Collegiate Gold , ID5901
812,14,Flash Aqua , Core Black , Non Dyed , Core Black , Core Black , IG4777
813,14,Aluminium , Core Black , Core Black , Core Black , Shadow Navy , IE4557
814,14,Cloud White , Beam Pink F22 , Bliss Orange , Cloud White , Cloud White , HQ8915
815,14,Grey Two , Core Black , Non Dyed , Core Black , Core Black , HP5967
816,14,Halo Blush , Core Black , Cloud White , Core Black , Mineral Green , HQ5878
817,14,Grey Two , Core Black , Core Black , Core Black , Grey Two , IG5460
818,14,Cloud White , Core Black , Core Black , Core Black , Shadow Navy , IE4569
819,14,Wonder Taupe S23 , Core Black , Wonder Steel F22 , Trace Grey , Core Black , IF5619
820,14,Shadow Navy , Core Black , Core Black , Core Black , Shadow Navy , GY6056
821,14,Wonder Beige , Core Black , Cloud White , Core Black , Mineral Green , FV7827
822,14,Cloud White , Cloud White ,,,, IF3250
823,21,Core Black , Grey Two , Core Black , Utility Green , Core Black , ID9641
824,17,Core Black , Core Black , Non Dyed , Core Black , Core Black , IG5892
825,14,Grey One , Core Black , Core Black , Core Black , Shadow Navy , IG3196
826,14,Cloud White , Cloud White , Preloved Ink ,,, ID9422
827,14,Violet Fusion S23 , Core Black , Non Dyed , Core Black , Core Black , HQ4444
828,14,Core Black , Cloud White , Core Black , Off White , Cloud White , IE9214
829,14,Dash Grey , Dash Grey , Lucid Pink , Core Black , Cloud White , GW4652
830,14,Core Black , Core Black , Cloud White , Core Black , Mineral Green , IE9670
831,17,Bliss , Core Black , Cloud White , Core Black , Mineral Green , HQ8396
832,14,Wonder Beige , Arctic Night F23 , Better Scarlet , Core Black , Cloud White , ID9639
833,17,Blue Fusion , Blue Fusion ,,,, ID1747
834,14,Core Black , Core Black , Core Black , Core Black , Shadow Navy , IE5465
835,14,Wonder Quartz S23 , Core Black , Non Dyed , Core Black , Core Black , HQ1443
836,21,Wonder Quartz S23 , Core Black ,,,, IG2372
837,18,Wonder Quartz S23 , Core Black ,,,, ID9675
838,14,Cloud White , Core Black , Core Black , Core Black , Grey Two , IE8211
839,24,Cloud White , Core Black , Core Black ,,, IF5268
840,14,Core Black , Core Black , Non Dyed , Core Black , Core Black , IG8337
841,14,Core Black , Core Black , Non Dyed ,,, ID0273
842,24,Carbon , Carbon , Wonder Quartz , Silver Dawn , Shadow Violet F23 , ID9442
843,17,Core Black , Grey Two , Core Black , Utility Green , Core Black , GZ9261
844,16,Oatmeal , Oatmeal , Aluminium , Aluminium ,, ID9600
845,17,Gobi-Smc , Cloud White , Core Black , Ash Grey , Mystery Ink , HR0066
846,17,Silver Green , Clay Strata , Cloud White , Earth Strata S23 , Core Black , IF5603
847,17,Cloud White , Bright Blue , Cloud White , Cloud White , Cloud White , IF8139
848,26,Core Black , Core Black ,,,, ID9676
849,25,Cloud White , Bliss Orange , Off White , Shadow Navy S22 , Grey Three , IG2374
850,14,Core Black , Core Black , Core Black , Core Black , Grey Two , GZ9256
851,7,Dash Grey , Carbon , Wonder Quartz , Silver Dawn , Shadow Violet F23 , ID9584
852,24,Carbon , Carbon ,,,, GZ9260
853,17,Core Black , Core Black , Core Black , Core Black , Shadow Navy , IF5274
854,25,Cloud White , Dash Grey , Lucid Pink , Core Black , Cloud White , IF5282
855,24,Chalk White , Bliss Orange , Off White , Shadow Navy S22 , Grey Three , IF5605
856,24,Pulse Mint S22 , Wonder Red F22 , Cloud White , Pulse Mint S22 , Core Black , IG5877
857,24,Off White , Grey Two , Core Black , Utility Green , Core Black , ID9639
858,24,Core Black , Cloud White , Core Black , Bliss Lilac , Pink Fusion , ID1747
859,24,Core Black , Core Black ,,,, IE5465
860,26,Arctic Night F23 , Arctic Night F23 , Better Scarlet , Core Black , Cloud White , HQ1443
861,17,Core Black , Dash Grey , Lucid Pink , Core Black , Cloud White , IG2372
862,24,Grey Three , Core Black , Core Black , Core Black , Shadow Navy , ID9675
863,18,Core Black , Core Black , Cloud White , Core Black , Mineral Green , IE8211
864,18,Silver Dawn , Silver Dawn , Core Black , Grey One , Core Black , IF5268
865,20,Core Black , Grey Five , Core Black , Chalk White , Cloud White , IG8337
866,20,Wonder Silver , Wonder Silver ,,,, ID0273
867,14,Cloud White , Bright Blue , Cloud White , Cloud White , Cloud White , ID9442
868,14,Wonder Mauve , Legacy Purple , Core Black , Wonder Mauve , Grey Two , GZ9261
869,20,Legacy Burgundy S22 , Core Black , Cloud White , Core Black , Mineral Green , ID9600
870,25,Cloud White , Cloud White , Core Black , Off White , Cloud White , IF5603
871,21,Arctic Night , Silver Dawn , Core Black , Grey One , Core Black , GY6256
872,25,Bold Onix , Core Black , Core Black , Core Black , Grey Two , FV7227
873,25,Pink Fusion , Silver Dawn , Core Black , Grey One , Core Black , IF3220
874,25,Unity Orange , Shock Slime , Unity Orange ,,, ID9241
875,19,Core Black , Cloud White , Core Black , Off White , Cloud White , IG5822
876,19,Grey One , Silver Dawn , Core Black , Grey One , Core Black , IG3126
877,24,Cloud White , Cloud White , Core Black , Off White , Cloud White , ID9222
878,24,Grey One , Core Black , Core Black , Core Black , Shadow Navy , HQ4244
879,14,Cloud White , Core Black , Cloud White , Core Black , Mineral Green , IE9224
880,24,Cloud White , Core Black ,,,, GW4622
881,24,Core Black , Wonder Red F22 , Wonder Steel F22 , Core Black , Wonder Taupe , IE9620
882,21,Grey Two , Legacy Purple , Core Black , Wonder Mauve , Grey Two , HQ8326
883,21,Cloud White , Grey Five , Core Black , Chalk White , Cloud White , ID9629
884,21,Cloud White , Beam Pink F22 , Bliss Orange , Cloud White , Cloud White , ID1727
885,14,Pulse Mint , Arctic Night F23 , Better Scarlet , Core Black , Cloud White , IE5425
886,14,Cloud White , Bright Blue , Cloud White , Cloud White , Cloud White , HQ1423
887,14,Cloud White , Core Black , Cloud White , Core Black , Mineral Green , IG2322
888,14,Linen Green F22 , Core Black , Cloud White , Core Black , Mineral Green , ID9625
889,14,Cloud White , Cloud White , Core Black , Off White , Cloud White , IE8221
890,16,Oatmeal , Oatmeal , Aluminium , Aluminium ,, IF5228
891,14,Beam Pink F22 , Beam Pink F22 , Bliss Orange , Cloud White , Cloud White , IG8327
892,14,Core Black , Clay Strata S23 , Core Black , Shadow Violet ,, ID0223
893,14,Wonder White F21 , Core Black , Cloud White , Core Black , Mineral Green , ID9422
894,14,Core Black , Team Collegiate Red , Core Black , Cloud White , Cloud White , GZ9221
895,17,Wonder Red F22 , Legacy Purple , Core Black , Wonder Mauve , Grey Two , ID9620
896,27,Cloud White , Core Black , Core Black , Core Black , Shadow Navy , HR0026
897,27,Core Black , Core Black , Core Black , Core Black , Shadow Navy , IF5623
898,27,Wonder Beige , Core Black , Wonder Beige , Solar Green , Collegiate Gold , IF8129
899,27,Off White , Carbon , Wonder Quartz , Silver Dawn , Shadow Violet F23 , ID9626
900,6,"Black, Graphite",,,,, BM8525-010
901,7,,,,,, BM3926-010
902,11,"Black, Owl",,,,, YM8651-010
903,9,,,,,, BM9083-373
904,5,"Light Cloud, Sea Salt","Light Cloud, Sea Salt","Cordovan, Squash","Nori, Black","Collegiate Navy, Black", BM5371-020
905,9,"Mud, Squash","Graphite, Dark Adobe","Mud, Squash",,, BM5372-255
906,8,"Dark Grey, Silver Grey","Dark Grey, Silver Grey","Warm Copper, Black",,, BM3530-089
907,8,"Black, Compass Blue","Deep Water, Spark","Black, White",,, BM0659-013
908,8,"Abyss, Fission","Graphite, Dark Adobe","Abyss, Fission",,, BM0829-439
909,6,"Canvas Tan, Black","Canvas Tan, Black",,,, BM6940-247
910,6,"Dark Moss, Mango","Dark Grey, Bright Gold","Dark Moss, Mango","Dark Mountain, Steam",, BM0156-367
911,13,"Black, Solar","Dark Grey, Bright Gold","Dark Moss, Mango","Dark Mountain, Steam",, BM0156-010
912,8,"Peatmoss, Black","Peatmoss, Black",,,, BM7536-213
913,6,"Oatmeal, Beach","Graphite, Dark Adobe","Mud, Squash",,, BM5372-241
914,6,"Kettle, Black","Cordovan, Black",,,, BM5578-005
915,5,,,,,, BM0354-010
916,6,"Black, Graphite","Collegiate Navy, Red Quartz",,,, BM0159-010
917,5,"Collegiate Navy, Red Quartz","Collegiate Navy, Red Quartz",,,, BM0159-468
918,5,,,,,, BM8310-813
919,8,"Mud, Abyss","Peatmoss, Black",,,, BM7536-255
920,9,"Graphite, Dark Adobe","Graphite, Dark Adobe","Mud, Squash",,, BM5372-053
921,5,"Mountain, Admiral","Mountain, Admiral",,,, BM0166-441
922,7,"Mosstone, Golden Yellow","Mosstone, Golden Yellow",,,, BM0486-302
923,11,"Deep Water, Spark","Deep Water, Spark","Black, White",,, BM0659-317
924,9,"Canvas Tan, Black","Canvas Tan, Black",,,, BM5953-247
925,7,,,,,, BM7874-012
926,7,"Cordovan, Gold Amber","Cordovan, Gold Amber",,,, BM8210-231
927,9,"Stone Green, Black","Collegiate Navy, Tippet",,,, BM1905-399
928,7,"Gravel, Black","Gravel, Black",,,, BM0111-339
929,8,"Nori, Gold Amber","Nori, Gold Amber",,,, BM7444-383
930,8,"Cordovan, Curry","Gravel, Black",,,, BM0111-231
931,5,"DARK GREY, BLACK","Canvas Tan, Black",,,, BM6940-089
932,6,"Black, Graphite","Mosstone, Golden Yellow",,,, BM0486-010
933,8,"Collegiate Navy, Tippet","Collegiate Navy, Tippet",,,, BM1905-468
934,8,"Pebble, Black","Nori, Gold Amber",,,, BM7444-227
935,7,"Black, White","Mountain, Admiral",,,, BM0166-010
936,9,"Black, Red Jasper","Dark Grey, Silver Grey","Warm Copper, Black",,, BM3530-010
937,6,"Dark Stone, Dark Stone","Dark Stone, Dark Stone","Mosstone, Mosstone",,, BM8043-278
938,8,"Kettle, Mountain Red","Kettle, Mountain Red","Dark Nocturnal, Fission",,, BM0155-005
939,8,"Dark Grey, Bright Gold","Dark Grey, Bright Gold","Dark Moss, Mango","Dark Mountain, Steam",, BM0156-089
940,8,"Dark Mountain, Steam","Dark Grey, Bright Gold","Dark Moss, Mango","Dark Mountain, Steam",, BM0156-478
941,9,"Blue Shadow, Golden Yellow","Graphite, Dark Adobe","Abyss, Fission",,, BM0829-415
942,7,"Graphite, Dark Adobe","Graphite, Dark Adobe","Abyss, Fission",,, BM0829-053
943,6,,,,,, BM6923-005
944,6,Graphite,Cordovan,,,, BM0833-053
945,6,"Ocean Blue, Collegiate Navy","Ocean Blue, Collegiate Navy",,,, BM6578-417
946,7,"Black, Black","Dark Stone, Dark Stone","Mosstone, Mosstone",,, BM8043-010
947,7,Cordovan,Cordovan,,,, BM0833-231
948,9,,,,,, BI0834-255
949,6,"Warm Copper, Black","Dark Grey, Silver Grey","Warm Copper, Black",,, BM3530-858
950,5,"Mosstone, Mosstone","Dark Stone, Dark Stone","Mosstone, Mosstone",,, BM8043-302
951,6,"Dark Nocturnal, Fission","Kettle, Mountain Red","Dark Nocturnal, Fission",,, BM0155-472
952,11,,,,,, BI5372-053
953,6,"Black, Light Sand","Nori, Golden Yellow",,,, BM7615-010
954,8,"Mud, Dark Adobe",,,,, BM0834-255
955,6,"Black, White","Ocean Blue, Collegiate Navy",,,, BM6578-010
956,6,"Nori, Black","Ti Grey Steel, Spicy",,,, BM8538-383
957,6,"Ti Grey Steel, Spicy","Ti Grey Steel, Spicy",,,, BM8538-033
958,8,"Nori, Golden Yellow","Nori, Golden Yellow",,,, BM7615-383
959,7,,,,,, BM7516-088
960,5,"Cordovan, Squash","Light Cloud, Sea Salt","Cordovan, Squash","Nori, Black","Collegiate Navy, Black", BM5371-231
961,8,"Cordovan, Black","Cordovan, Black",,,, BM5578-231
962,8,"Black, White","Canvas Tan, Black",,,, BM5953-012
963,7,"Black, White","Deep Water, Spark","Black, White",,, BM0659-010
964,7,"Abyss, Dark Adobe","Abyss, Dark Adobe",,,, BM2806-439
965,7,"Black, White",,,,, BM4980-010
966,6,,,,,, BM0133-010
967,8,"Nori, Black","Light Cloud, Sea Salt","Cordovan, Squash","Nori, Black","Collegiate Navy, Black", BM5371-384
968,8,"Collegiate Navy, Black","Light Cloud, Sea Salt","Cordovan, Squash","Nori, Black","Collegiate Navy, Black", BM5371-468
969,6,"Collegiate Navy, Bright Copper",,,,, BM1766-464
970,6,Graphite,"Kettle, Mountain Red","Dark Nocturnal, Fission",,, BM0155-053
971,6,"Black, Cordovan","Abyss, Dark Adobe",,,, BM2806-013
972,6,,,,,, BM8287-339
973,8,"Black, Graphite","Sea Salt, Light Cloud",,,, BL9797-010
974,5,"Sea Salt, Light Cloud","Sea Salt, Light Cloud",,,, BL9797-125
975,6,"Light Sand, Sea Wave","Graphite, Dolphin","Light Sand, Sea Wave",,, BL0156-193
976,6,,,,,, BL8538-010
977,5,,,,,, BL8089-010
978,6,"Marionberry, Snowcap","Marionberry, Snowcap",,,, BL0829-616
979,6,"Dark Grey, Dark Coral","Black, Ti Grey Steel","Mosstone, Blue Dusk",,, BL7573-089
980,5,"Graphite, Icy Morn","Graphite, Icy Morn",,,, BL5578-053
981,5,"Black, Dark Grey","Graphite, Icy Morn",,,, BL5578-010
982,7,"Graphite, Dolphin","Graphite, Dolphin","Light Sand, Sea Wave",,, BL0156-053
983,4,,,,,, BL1020-012
984,6,,,,,, BL0354-439
985,5,"Icy Morn, Black","Black, Velvet Cove",,,, BL0159-329
986,5,"Black, Velvet Cove","Black, Velvet Cove",,,, BL0159-010
987,6,,,,,, BL8043-535
988,5,"Black, White","Dark Grey, Electric Turquoise","Black, White","Ancient Fossil, Wild Geranium",, BL0659-010
989,5,"Kettle, Black","Monument, Wild Fuchsia","Kettle, Black","Dark Sapphire, Key West",, BL5953-005
990,6,"Light Cloud, Sea Wave","Steam, Peach",,,, BL7444-020
991,5,"Canvas Tan, Blue Dusk","Shale Mauve, Peatmoss",,,, BL4497-247
992,5,"Ancient Fossil, Wild Geranium","Dark Grey, Electric Turquoise","Black, White","Ancient Fossil, Wild Geranium",, BL0659-271
993,6,"Steam, Peach","Steam, Peach",,,, BL7444-086
994,6,"Shale Mauve, Dark Grey","Shale Mauve, Dark Grey",,,, BL6940-553
995,8,"Dark Grey, Electric Turquoise","Dark Grey, Electric Turquoise","Black, White","Ancient Fossil, Wild Geranium",, BL0659-089
996,5,"Dark Sapphire, Key West","Monument, Wild Fuchsia","Kettle, Black","Dark Sapphire, Key West",, BL5953-471
997,5,"Monument, Wild Fuchsia","Monument, Wild Fuchsia","Kettle, Black","Dark Sapphire, Key West",, BL5953-036
998,8,"Steam, Frosted Purple","Shale Mauve, Graphite",,,, BL7615-088
999,7,,,,,, BL5786-656
1000,5,,,,,, BL0166-100
1001,5,Black,"Marionberry, Snowcap",,,, BL0829-010
1002,5,,,,,, BL7516-553
1003,5,"Shale Mauve, Peatmoss","Shale Mauve, Peatmoss",,,, BL4497-553
1004,6,"Marionberry, Deep Water","Graphite, Dusty Green","Marionberry, Deep Water",,, BL0155-616
1005,7,"Black, White","Monument, Wild Fuchsia","Kettle, Black","Dark Sapphire, Key West",, BL5953-012
1006,6,"Kettle, Light Sand","Shale Mauve, Dark Grey",,,, BL6940-005
1007,11,"Black, Deep Wave","Graphite, Dusty Green","Marionberry, Deep Water",,, BL0155-012
1008,6,"Kettle, Dark Grey","Ancient Fossil, Light Lichen",,,, BL5372-006
1009,7,"Black, White","Dark Grey, Electric Turquoise","Black, White","Ancient Fossil, Wild Geranium",, BL0659-012
1010,7,Pebble,Ti Grey,,,, BL0834-227
1011,8,"Black, Bright Marigold","Graphite, Dolphin","Light Sand, Sea Wave",,, BL0156-010
1012,8,"Ti Grey Steel, Sage Leaf","Ti Grey Steel, Sage Leaf",,,, YL8651-033
1013,9,"Black, Salmon Rose","Ti Grey Steel, Sage Leaf",,,, YL8651-010
1014,6,,,,,, BL0933-472
1015,6,Ti Grey,Ti Grey,,,, BL0834-033
1016,7,"Graphite, Bright Plum","Graphite, Daredevil",,,, BL5371-055
1017,6,,,,,, BL8916-466
1018,6,"Mosstone, Blue Dusk","Black, Ti Grey Steel","Mosstone, Blue Dusk",,, BL7573-302
1019,7,"Graphite, Daredevil","Graphite, Daredevil",,,, BL5371-053
1020,7,,,,,, BL4980-099
1021,7,"Graphite, Dusty Green","Graphite, Dusty Green","Marionberry, Deep Water",,, BL0155-053
1022,5,"Black, Ti Grey Steel","Black, Ti Grey Steel","Mosstone, Blue Dusk",,, BL7573-010
1023,6,"Ancient Fossil, Light Lichen","Ancient Fossil, Light Lichen",,,, BL5372-275
1024,7,"Shale Mauve, Graphite","Shale Mauve, Graphite",,,, BL7615-553
1025,6,"Kettle, Peach Blossom","Black, Sahara",,,, YL5934-005
1026,6,Black,,,,, BL1661-010
1027,6,"Black, Sahara","Black, Sahara",,,, YL5934-010
1028,5,"Dark Stone, Sea Salt",,,,, BL5106-279
1029,6,Black,,,,, BL5961-010
1030,7,BLACK,,,,,
1031,,,,,,,
1032,8,WHITE,GREY,CAMEL,,,
1033,,,,,,,
1034,12,BLACK,NAVY,TAN,,,
1035,12,BLACK/LGREY,NAVY/RED,LGREY/RBLUE,,,
1036,12,GREY,NAVY,BLACK,,,
1037,9,SNAYPE,DNAVY,,,,
1038,10,TEAL,DGREY,NAVY,,,
1039,11,DGREY,BLACK,,,,
1040,11,NAVY,WHITE,BLACK,,,
1041,12,RED,BLUE,,,,
1042,12,GREY,BLACK,NAVY,,,
1043,6,WHITE/BLUE,BLACK/GREEN,,,,
1044,6,LGREY/ORANGE,WHITE/BLUE,,,,
1045,7,BLACK,BLUE,,,,
1046,6,BLACK,LGREY/YELLOW,,,,
1047,6,WHITE/BLACK,LGREY/BLUE,,,,
1048,7,BLUE,OLIVE,,,,
1049,7,WHITE,BLACK,,,,
1050,10,BLACK/RED,TEAL/GREY,,,,
1051,7,BLACK,BLUE,,,,
1052,7,BEIGE,BLACK,,,,
1053,7,RB BROWN,NBLUE,,,,
1054,7,BEIGE,GREY,,,,
1055,6,WHITE,,,,,
1056,9,WHITE,BLACK,,,,
1057,9,NAVY,CASTOR GREY,,,,
1058,7,BLUE,GREY,,,,
1059,7,BLACK,GREY,,,,
1060,8,GREY,BEIGE,,,,
1061,7,BLACK/LGREY,,,,,
1062,8,OLIVE,NAVY,,,,
1063,8,BLACK/GREY,,,,,
1064,9,BLACK,WHITE,,,,
1065,7,BLUE/WHITE,,,,,
1066,9,DOVE WHITE,WHITE,,,,
1067,10,DGREY,NAVY,BLACK,,,
1068,9,NAVY,,,,,
1069,8,LGREY,DGREY,,,,
1070,9,SAND,,,,,
1071,9,NAVY,,,,,
1072,7,BLUE,,,,,
1073,13,CAMEL,DNAVY,,,,
1074,8,DNAVY,,,,,
1075,8,WHITE,,,,,
1076,9,ARMY,,,,,
1077,12,GREY,NAVY,BLACK,,,
1078,13,GREY,BLACK,,,,
1079,15,DGREEN,BLACK,,,,
1080,9,NAVY/BROWN,,,,,
1081,13,NAVY,WHITE,BLACK,,,
1082,11,NAVY,GREY,WHITE,,,
1083,12,CASHEW BROWN,DNAVY,,,,
1084,11,WHITE,BLACK,,,,
1085,9,WHITE,,,,,
1086,12,BROWN,CAMEL,NAVY,DIRTY BROWN,,
1087,9,SNAYPE,RUST BROWN,BLACK,,,
1088,10,LBROWN/WHITE,,,,,
1089,8,BLACK,,,,,
1090,10,LGREY,AQUA,,,,
1091,12,NAVY/GREY,BLACK/NAVY,,,,
1092,10,BLUE,,,,,
1093,11,BLACK/APPLE GREEN,DGREY,,,,
1094,11,BLACK,WHITE,,,,
1095,11,GREY,BEIGE/BLACK,,,,
1096,10,SNAYPE,RUST BROWN,,,,
1097,13,RBLUE,GREY,CAMEL,,,
1098,13,GREY/OWHITE,WHITE/GREY,NAVY/BLUE,,,
1099,10,GREY,,,,,
1100,11,NAVY,GREY,BLACK,,,
1101,13,DNAVY,CAMEL,KHAKI,,,
1102,13,NAVY,GREY,OLIVE,,,
1103,13,NAVY,LGREY,BLACK,,,
1104,12,BLACK,NAVY,,,,
1105,13,GREY,TEAL,BLACK,WHITE,,
1106,13,BLUE,GREY,BLACK,,,
1107,13,GREY/RED,BLACK/GREY,NAVY/TURQUOISE,,,
1108,12,NAVY,WHITE,BLACK,,,
1109,13,BLACK,WHITE,DGREY,,,
1110,12,NAVY,,,,,
1111,13,WHITE,BLACK,,,,
1112,12,BLACK,NAVY,RED,,,
1113,13,GREY,BLACK,,,,
1114,13,BLACK,OLIVE GREEN,,,,
1115,13,NAVY,BLACK,,,,
1116,13,GREY,,,,,
1117,13,NAVY,,,,,
1118,12,GREY,,,,,
1119,13,BLUE,GREY,,,,
1120,12,OLIVE/BLACK,BLACK/WINE,,,,
1121,13,RED/NAVY,AQUA/GREY,LGREY/RBLUE,OLIVE/BLACK,,
1122,13,GREY,BLACK,,,,
1123,13,OLIVE,NAVY,GREY,,,
1124,13,WHITE,NAVY,GREY,,,
1125,13,WHITE,GREY,,,,
1126,13,OLIVE/BLACK,GREY/BLUE,DGREY/MAROON,,,
1127,13,NAVY/WHITE,DGREY/APPLE GREEN,BLACK/RED,,,
1128,13,GREY,BLACK,,,,
1129,13,GREY,NAVY,,,,
1130,12,LKHAKI,BLACK,,,,
1131,13,BLACK,GREY,,,,
1132,13,NAVY,GREY,,,,
1133,13,GREY/GREEN,,,,,
1134,12,BROWN,,,,,
1135,13,BROWN,GREEN,,,,
1136,13,TAUPE,,,,,
1137,13,PARIS KHAKI,DNAVY 4,DBROWN,,,
1138,13,DUBAI KHAKI,BLACK,OLIVE GREEN,CAMEL,,
1139,13,NAVY,BLACK,,,,
1140,13,BLACK,DGREY,,,,
1141,7,BROWN/MAROON,YELLOW/OLIVE,,,,
1142,7,LGREY,KHAKI,BROWN,,,
1143,7,DCADET BLUE,CAMEL,,,,
1144,7,VARIGLIA,LPINK,AIR BLUE,,,
1145,7,DBLUE,,,,,
1146,7,WHITE,BLACK,,,,
1147,7,WHITE,BLACK,,,,
1148,7,BLACK,WHITE,,,,
1149,7,GREY/GREEN,WHITE/LGREY,,,,
1150,7,MAROON,BEIGE,BLUE,,,
1151,7,DESERT ROSE,GREY,DSKY BLUE,,,
1152,7,BLACK/PURPLE,WHITE/PINK,,,,
1153,7,GREY,WHITE/PINK,,,,
1154,7,PINK/BLUE,GREEN/ORANGE,,,,
1155,7,PINK,GREEN,,,,
1156,7,WHITE,RUST,,,,
1157,7,WHITE,PINK,,,,
1158,7,TAN,,,,,
1159,7,WHITE,BLUE,,,,
1160,7,BLUE,GREEN,,,,
1161,7,FUSCHIA,WHITE,,,,
1162,7,CAMEL,,,,,
1163,7,WHITE/PURPLE,,,,,
1164,9,LBLUE,RUST,,,,
1165,9,BLACK,GREY,,,,
1166,9,GREY,BLUE,,,,
1167,7,NAVY,WINE RED,,,,
1168,7,PURPLE/GREY,BEIGE/PURPLE,,,,
1169,7,RED,BLUE,,,,
1170,7,DBLUE,LBEIGE,,,,
1171,7,PINK,GREY,,,,
1172,8,GREY,BLUE,,,,
1173,7,GREY,BLUE,,,,
1174,8,RUST BROWN,BLACK,,,,
1175,7,BLACK,DROYAL BLUE,,,,
1176,7,BLUE,,,,,
1177,7,BLUE,,,,,
1178,9,WHITE,,,,,
1179,7,BLUE,OWHITE,BLACK,,,
1180,7,PINK,,,,,
1181,7,WHITE/RED,,,,,
1182,9,BLACK,WHITE/BLACK,,,,
1183,8,BLUE,GREY,,,,
1184,8,PURPLE,,,,,
1185,9,LPINK,,,,,
1186,13,BEIGE,PINK,BLACK,,,
1187,9,PINK,LGREY,,,,
1188,11,BLACK,LBEIGE,NAVY,,,
1189,13,RUST,MUSTARD,,,,
1190,9,NAVY,,,,,
1191,8,PINK,,,,,
1192,9,BLACK,,,,,
1193,7,LGREY,,,,,
1194,9,ORANGE,NAVY,,,,
1195,10,PINK,,,,,
1196,9,LBROWN,,,,,
1197,12,RED,NUDE,BLUE,,,
1198,8,GREY,,,,,
1199,13,LPINK,SKY BLUE,GREY,,,
1200,10,LBLUE,,,,,
1201,13,BLACK,WHITE,,,,
1202,13,GRAFFITI/WHITE,PINK,,,,
1203,12,ORANGE,WHITE,OBLUE,BLACK,,
1204,13,BLACK,WHITE,,,,
1205,11,RED,SILVER,,,,
1206,13,BLACK,BLUE,,,,
1207,13,GREY,PINK,,,,
1208,12,PURPLE,,,,,
1209,12,NAVY,,,,,
1210,13,OWHITE,NAVY,,,,
1211,13,WHITE,,,,,
1212,13,WHITE,BLACK,,,,
1213,13,WHITE,BLACK,,,,
1214,13,WHITE,,,,,
1215,13,DSKY BLUE,DESERT ROSE,,,,
1216,13,RED,,,,,
1217,13,NUDE,,,,,
1218,16, Light Orewood Brown, Black, White, White,, CU4826-105
1219,14, White,,,,, BQ3378-100
1220,24, Black,,,,, DZ5485-042
1221,16, White,,,,, FQ8826-100
1222,21, White, White, Light Silver,,, DX5800-100
1223,21, Black, Vast Grey, Worn Blue,,, BV1358-003
1224,26, Medium Soft Pink, Light Bone, Black, Oxygen Purple, White, FQ3381-600
1225,16, Football Grey, Sea Glass, White, Hyper Pink, Black, DV4129-006
1226,16, White, Cool Grey, Pure Platinum, Black, Black, 849559-100
1227,21, Racer Blue, Metallic Silver, Racer Blue, White, Sail, CD6404-400
1228,16, Baroque Brown, Multi-Color,,,, FB8892-200
1229,21, Baroque Brown, Light Iron Ore, Photon Dust, White, Coconut Milk, FB8883-200
1230,16, White, White,,,, FJ6196-100
1231,24, Black, White, Light Marine, White,, DZ3356-001
1232,26, Field Purple, Mint Foam, Black, Ember Glow, Deep Royal, DV2917-500
1233,12, White, Photon Dust, Black,,, DR5752-100
1234,24, White,,,,, 414571-171
1235,17, Black,,,,, FD1334-001
1236,17, Night Stadium, White,,,, CT8532-080
1237,17, Medium Olive,,,,, FB9927-200
1238,16, Fir,,,,, FV8106-361
1239,16, Cream II,,,,, FQ8823-236
1240,16, Cream II,,,,, FQ8824-236
1241,21, Sequoia, Sequoia,,,, DZ2538-300
1242,16, White, Night Maroon, Medium Olive, White, White, AH8050-107
1243,21, White, White,,,, DZ4627-101
1244,21, Hemp, Sail, Black,,, FD0192-200
1245,21, Rattan, Black,,,, DX6934-200
1246,24, Black, White, Mint Foam,,, DR0675-018
1247,24, Smoke Grey,,,,, DX9013-008
1248,24, White, Sail,,,, CZ0790-161
1249,17, White, White, Black, White, Black, DQ8426-106
1250,24, White, Multi-Color, Multi-Color, Multi-Color, Multi-Color, CU6312-100
1251,16, White, White, White, White, Multi-Color, DV0831-105
1252,17, Summit White, Summit White, Muslin, Cement Grey, White, DV1307-101
1253,17, Anthracite, Cement Grey, White,,, FD6817-003
1254,16, Light Iron Ore,,,,, FQ8731-012
1255,16, White,,,,, FD9082-104
1256,17, Off Noir, Off Noir,,,, FB9911-001
1257,17, Off Noir, Off Noir,,,, FB9907-001
1258,25, Violet Dust, Violet Dust, Melon Tint, Light Bone, Black, FV2345-500
1259,25, Court Purple, Court Purple, Wolf Grey, Track Red, Black, DR8784-500
1260,19, Platinum Tint, Platinum Tint, Sea Glass, Black, Black, DV3853-006
1261,16, White, White, Cool Grey, White, White, DR2615-103
1262,16, White, Black, White, White, White, FB1362-103
1263,21, Photon Dust, Light Bone, White, Light Orewood Brown, Neutral Grey, FB9660-001
1264,19, White, White, White, White, Multi-Color, CT2302-100
1265,16, Black, Medium Olive, Desert Sand,,, FZ3156-010
1266,21, Stone, Dark Smoke Grey,,,, DZ3544-200
1267,16, Sail, Sail, Sail, Sail, Sail, 432997-124
1268,24, Black,,,,, FV4145-001
1269,25, White, Black, Luminous Green, White, Black, DJ9405-102
1270,, Wolf Grey, Black, Light Fusion Red, Black, Mica Green, DJ9431-002
1271,25, Noble Red, Geode Teal, Fossil Stone, Black, Blue Lightning, DX4985-600
1272,25, Noble Red, Geode Teal, Fossil Stone, Black, Black, DZ7533-600
1273,19, Sea Glass, Deep Jungle, Black,,, FB2204-002
1274,19, Black, Black, White, Cool Grey, Sesame, DR2665-006
1275,16, Stadium Green, Black, Stadium Green, White, Photon Dust, FQ8827-324
1276,21, Medium Olive, Medium Olive, Black,,, FD5810-200
1277,16, Light Carbon, Pale Ivory, Deep Jungle, Black, Medium Olive, DJ7926-006
1278,19, White, Black, Deep Jungle, Sea Glass, Midnight Navy, FB1309-100
1279,16, Anthracite, Honeydew, Light Ultramarine, Anthracite, Pure Platinum, DV1678-008
1280,16, Black, Oil Green, Black, Black, Black, 924453-018
1281,16, Wolf Grey, Wolf Grey, Black, White,, CN8490-001
1282,22, Photon Dust,,,,, FD6719-001
1283,22, Metallic Silver,,,,, FD6848-001
1284,22, Metallic Silver,,,,, FD6815-001
1285,16, Black, Black, Black, Light Bone, Summit White, DR0453-005
1286,17, White, Black,,,, DR8884-101
1287,16, Atomic Orange, Atomic Orange, Multi-Color,,, DZ2616-800
1288,16, White, Multi-Color,,,, DD1391-100
1289,17, White, Black, White, White,, CD7069-160
1290,21, Black, Black, Pure Platinum, Black, Flat Pewter, FV0393-001
1291,16, White, White, White, Multi-Color,, DV0829-100
1292,16, Black, Black, Multi-Color, Multi-Color, Multi-Color, DZ4404-001
1293,16, Black, Game Royal, Signal Blue, Court Purple, Bright Ceramic, DV3949-004
1294,17, Black,,,,, 852542-007
1295,, Wolf Grey, Midnight Navy, Wolf Grey, Black,, 511881-023
1296,16, White, White, Black, White, Photon Dust, FN7304-100
1297,17, Sky J Light Olive,,,,, FD6819-300
1298,14, Sesame, Volt, University Red, Geode Teal, Black, FD4116-200
1299,24, White, Black, Phantom, Black, Wolf Grey, DM1124-100
1300,21, White, Black, Off Noir, Summit White, Off Noir, DQ3977-100
1301,16, Black, Black, Wolf Grey,,, DJ4701-003
1302,16, White, White, White,,, DH3162-100
1303,14, Light Iron Ore, Pine Green, Light Iron Ore, Citron Tint, Muslin, DV1305-001
1304,16, Light Smoke Grey, Light Smoke Grey, Anthracite,,, FB9658-002
1305,17, White, Black, White,,, DC8418-168
1306,16, White, White, White, White, White, BQ6806-124
1307,16, Midnight Navy, Midnight Navy, White, Black,, CD0197-400
1308,,,,,,,
1309,16, Black, Black,,,, CQ9356-004
1310,17, White, Black, Black, White, White, 553558-136
1311,16, Black, Light Silver,,,, FD2592-002
1312,19, Rattan, Enamel Green, Rattan,,, DO9801-200
1313,21, Grey Fog, Black, Grey Fog,,, DQ7558-001
1314,17, Tech Grey,,,,, DZ4135-002
1315,18, Dark Driftwood, White, Pilgrim, Black, White, DM3494-200
1316,16, Black, Black,,,, DJ6106-001
1317,, Black, Black, Cool Grey,,, BQ3204-002
1318,14, White, Black, White, Sky J Teal, White, BQ6472-146
1319,17, Sky J Purple, Black, Cement Grey,,, DB2889-501
1320,17, Night Stadium,,,,, FQ8338-017
1321,14, Black, Team Gold, Black,,, DX5575-001
1322,14, Black, Pale Vanilla, Red Stardust, Black, Bleached Turquoise, FB9892-002
1323,21, White, White, White, White,, DQ0660-130
1324,17, Magic Ember, Magic Ember, Black, Black,, DX4332-800
1325,14, White, White, White,,, DH0295-102
1326,16, Phantom,,,,, FB9657-002
1327,24, White, Fuchsia Dream, Black, Black, White, DM1123-100
1328,14, Pure Platinum, White, White, Wolf Grey, Pure Platinum, DC0774-080
1329,14, Celestial Gold, White, Sky J Orange, Celestial Gold, Sport Spice, DV0426-200
1330,21, White, White, White, Multi-Color,, DA6364-101
1331,25, Guava Ice, Phantom, Guava Ice, Black, White, DR8785-802
1332,16, White,,,,, DN2158-101
1333,16, White,,,,, 942838-101
1334,24, White,,,,, DZ5485-105
1335,14, Black, Sky J French Blue, Titanium, Celestial Gold, Black, DN3253-061
1336,14, Atmosphere, White, Lucky Green, Metallic Silver, Sail, DH7004-600
1337,14, Praline,,,,, FN6622-201
1338,18, Light Crimson, Hyper Turquoise, Bright Crimson, Black, Metallic Silver, FD1157-600
1339,, Multi-Color, Multi-Color, Multi-Color, Multi-Color,, DM1182-991
1340,18, Barely Volt, Barely Volt, Barely Volt, Barely Volt, Multi-Color, DC9968-705
1341,17, Varsity Red, Varsity Red, White, White, Black, DV5141-611
1342,16, White, Black, Light Smoke Grey, Black, White, DN3577-101
1343,18, Baltic Blue, Hyper Turquoise, Baltic Blue, Bright Crimson, Black, DR9996-400
1344,22, White, Anthracite, White,,, DJ5593-101
1345,16, Light Armory Blue, Black, Black,,, FB8501-402
1346,16, Summit White, Multi-Color, Multi-Color, Multi-Color,, DZ2544-100
1347,18, Black, Black, White, Light Chocolate, Thunder Blue, DX4361-002
1348,18, Gorge Green, Gorge Green, Lilac,,, DV5475-300
1349,24, Light Silver, Gym Red, Light Silver, White,, DZ3338-003
1350,22, Hyper Royal, Wolf Grey, Black, Sea Glass, Hyper Royal, DV1202-400
1351,20, Racer Blue, Racer Blue,,,, CD4382-400
1352,9, Black,,,,, DX5635-002
1353,16, Anthracite, Midnight Navy, Black, Bright Crimson, Anthracite, DC3728-011
1354,21, Black,,,,, FD0670-001
1355,16, Summit White,,,,, DQ9011-100
1356,16, Light Orewood Brown, Anthracite, Light Orewood Brown, Iron Grey, Black, DV2436-101
1357,20, Hyper Pink,,,,, CD4382-600
1358,18, Black, Bright Crimson, Black, Barely Volt,, DD9465-040
1359,, Multi-Color, Multi-Color, Multi-Color, Multi-Color, Multi-Color, FN6746-904
1360,25, Picante Red, Black, Black, White, Picante Red, DD9304-602
1361,17, White, White, White, White, White, DO1925-130
1362,25, Fierce Pink, Fierce Pink,,,, FQ8971-600
1363,25, University Red, Game Royal, White, Black, Wolf Grey, DZ2946-600
1364,25, Barely Green, Guava Ice, Laser Orange, Violet Frost, Sesame, DJ5423-300
1365,19, Football Grey,,,,, FZ3620-001
1366,18, Hyper Turquoise, Black, Hyper Turquoise,,, DJ5167-300
1367,16, White, Light Silver, Medium Grey, White, White, DR9997-100
1368,14, White, Multi-Color,,,, DD1503-101
1369,14, White, White, White, White, Multi-Color, CZ1055-100
1370,21, Light Orewood Brown, Pure Platinum, Black, Black, Summit White, FD0736-103
1371,14, Pearl White, White, White, White, White, DM7590-200
1372,14, White, White, White, White, Sail, FQ8877-100
1373,14, White, White, White, White, White, DH3158-102
1374,17, Black, Black, Bordeaux, Bordeaux, Pale Ivory, DV3950-004
1375,17, Black, White, Light Silver, Light Silver, Amber Brown, FB7151-001
1376,14, White, White, Fireberry, Fireberry, White, DD8959-100
1377,14, White, White, Summit White, Summit White, Phantom, DH3161-100
1378,14, Platinum Violet, Platinum Violet, Platinum Violet, Platinum Violet, Multi-Color, FN7991-007
1379,14, Platinum Violet, Football Grey, Sea Glass, Sea Glass, Deep Jungle, DR2670-010
1380,14, Light Soft Pink, Light Soft Pink, White, White, Platinum Violet, DX0113-600
1381,14, Phantom, Red Stardust, Diffused Taupe, Diffused Taupe, Summit White, DM9922-002
1382,14, Photon Dust, Sail, White, White, Photon Dust, DR2660-005
1383,14, White, White, Black, Black, White, FQ8770-100
1384,14, White, Platinum Violet, Black, Black, Photon Dust, FB2208-100
1385,14, White, Black, Platinum Violet, Platinum Violet,, FD2292-100
1386,19, Wheat Gold, Fir, Rugged Orange, Rugged Orange, Black, FB2348-700
1387,14, Sail, Anthracite, Monarch, Monarch, White, FQ8107-133
1388,14, Summit White, Light Bone, Sea Glass, Sea Glass, Pink Foam, DH3050-100
1389,14, Summit White, Light Bone, Persian Violet, Persian Violet,, FD2196-100
1390,14, Amethyst Ash, White, White, White, Amethyst Ash, CW4554-500
1391,14, Platinum Violet, Light Orewood Brown, Sail, Sail,, DD9682-002
1392,14, Barely Rose, White, White, White, White, DH8010-600
1393,14, Platinum Violet, Black, Sail, Sail, White, DM0113-005
1394,13, Light Lemon Twist, Black, Fierce Pink, Fierce Pink, Clear Jade, DV6840-700
1395,14, Light Lemon Twist, Black, Coconut Milk, Coconut Milk,, DZ2794-700
1396,14, Coconut Milk, Coconut Milk, Black, Black, White, FV3634-181
1397,14, White, Black, White, White,, FB8502-100
1398,14, White, Sail, Neutral Grey, Neutral Grey, White, DZ2628-102
1399,14, White, White, White, White, Multi-Color, DD1869-103
1400,14, Pale Ivory, Black, Black, Black,, DO7626-100
1401,14, Platinum Violet, Sail, Light Smoke Grey, Light Smoke Grey, White, DV4023-010
1402,14, Black, Black, Black, Black, Bright Crimson, DV1238-001
1403,14, Black, Sea Glass, Black, Black, Guava Ice, DX6482-002
1404,14, Black, Black, Luminous Green, Luminous Green, White, FB7147-001
1405,17, Black, White, Black, Black, Black, FB7156-001
1406,14, Platinum Violet, Volt, Thunder Blue, Thunder Blue, Mantra Orange, DJ6159-002
1407,14, Fireberry, Ashen Slate, Pale Ivory, Pale Ivory,, FB2197-600
1408,14, White, Multi-Color,,,, DC4769-102
1409,14, White, Sail, Black, Black, Phantom, CI0919-100
1410,14, Black, University Blue, Pale Ivory, Pale Ivory, Emerald Rise, DJ7929-001
1411,14, Black, White, Black, Black,, DN3559-003
1412,14, White, White, Pale Ivory, Pale Ivory, White, DJ0292-101
1413,21, White, White, White, White, White, DN1791-100
1414,14, Purple Ink, Sequoia, Melon Tint, Melon Tint, Purple Ink, DR2694-500
1415,14, Fireberry, Mineral, Fireberry, Fireberry, Bright Cactus, DR2689-601
1416,14, Purple Ink, Pale Ivory, Black, Black,, FB2065-500
1417,14, Purple Ink, Black, Platinum Violet, Platinum Violet, Diffused Taupe, DH0625-500
1418,7, Black, Smokey Mauve, Black, Black, Sesame, DX4816-001
1419,14, Black, Sesame, Light Orewood Brown, Light Orewood Brown, Black, DQ8031-001
1420,17, Black, Guava Ice, Jade Ice, Jade Ice, Desert Berry, FB7154-001
1421,14, Black, Luminous Green, Pale Ivory, Pale Ivory,, DM0824-003
1422,14, White, Cedar, Blue Tint, Blue Tint, Hyper Pink, FQ8895-100
1423,14, Summit White, Summit White, White, White, White, DZ3671-104
1424,7, Black, Red Stardust, Black, Black,, FJ6041-001
1425,14, Black, Black, White, White,, DH9523-002
1426,12, Black,,,,, 560845F-001
1427,12, White,,,,, 560846F-102
1428,14, Pearl Pink, Blue Tint, White, White, Celestine Blue, FD1448-664
1429,14, Pure Platinum, White, White, White, Pure Platinum, DC0774-080
1430,14, Atmosphere, White, Lucky Green, Lucky Green, Sail, DH7004-600
1431,14, Sky J French Blue, Black, White, White, White, BQ6472-414
1432,14, White, Multi-Color, Multi-Color, Multi-Color, Multi-Color, DD1503-118
1433,14, Black, Sky J French Blue, Titanium, Titanium, Black, DN3253-061
1434,14, White, Dark Plum, White, White,, 511417-136
1435,14, Celestial Gold, White, Sky J Orange, Sky J Orange, Sport Spice, DV0426-200
1436,14, Rust Pink, Cream II, White, White,, CW6536-600
1437,14, White, Summit White, Sail, Sail, White, DV7584-100
1438,14, Blue Tint, Vachetta Tan, Pearl Pink, Pearl Pink,, DZ2786-400
1439,14, Pro Green,,,,, FQ8893-397
1440,14, White, White, White, White, White, DC9486-100
1441,21, Arctic Orange, Arctic Orange,,,, DV1143-800
1442,17, Bleached Aqua, Summit White, Muslin, Muslin, White, DV1307-408
1443,14, Black, Pale Vanilla, Red Stardust, Red Stardust, Bleached Turquoise, FB9892-002
1444,14, Black, Plum Fog, Rush Pink, Rush Pink, Black, DD9285-010
1445,, Black, Black, Black, Black,, CZ0596-010
1446,14, Game Royal, Adobe, Stadium Green, Stadium Green,, DX2931-400
1447,14, Black, White, Light Violet, Light Violet,, DC3729-003
1448,14, Light Iron Ore, Pine Green, Light Iron Ore, Light Iron Ore, Muslin, DV1305-001
1449,17, White, White, Black, Black, Black, DQ8426-106
1450,14, White, White, White, White, Barely Green, DJ9946-100
1451,17, Medium Olive,,,,, FB9927-200
1452,14, Phantom,,,,, FN7105-030
1453,14, Black,,,,, BQ3207-002
1454,21, Vast Grey, Vast Grey, Worn Blue, Worn Blue,, BV1358-001
1455,18, Dark Driftwood, White, Pilgrim, Pilgrim, White, DM3494-200
1456,14, Black, Wolf Grey, Black, Black,, 942837-001
1457,24, White, Black, Phantom, Phantom, Wolf Grey, DM1124-100
1458,14, White,,,,, DH3159-100
1459,14, White,,,,, FJ9302-104
1460,24, White,,,,, DZ5485-105
1461,17, Sky J Light Olive,,,,, FD6819-300
1462,16, Sail, Sail, Sail, Sail, Sail, 432997-121
1463,17, White, Black, Black, Black, White, 553558-136
1464,17, Magic Ember, Magic Ember, Black, Black,, DX4332-800
1465,17, Tech Grey,,,,, DZ4135-002
1466,26, Medium Soft Pink, Light Bone, Black, Black, White, FQ3381-600
1467,25, Guava Ice, Phantom, Guava Ice, Guava Ice, White, DR8785-802
1468,14, Praline,,,,, FN6622-201
1469,7, Black,,,,, 314870-011
1470,24, White,,,,, 414571-171
1471,17, Sky J Purple, Black, Cement Grey, Cement Grey,, DB2889-501
1472,25, Track Red, Court Purple, Wolf Grey, Wolf Grey, Black, DR8784-600
1473,24, Black,,,,, DZ5485-042
1474,24, White, Sail,,,, CZ0790-161
1475,24, White, Barely Volt, White, White, Phantom, DO7189-100
1476,24, White, Fuchsia Dream, Black, Black, White, DM1123-100
1477,,,,,,,
1478,26, Mint Foam, Mint Foam, Black, Black, Deep Royal, DV2917-301
1479,17, Anthracite, Cement Grey, White, White,, FD6817-003
1480,24, Black,,,,, FV4145-001
1481,18, Black, Black, White, White, Thunder Blue, DX4361-002
1482,18, Gorge Green, Gorge Green, Lilac, Lilac,, DV5475-300
1483,20, Racer Blue, Racer Blue,,,, CD4382-400
1484,, Multi-Color, Multi-Color, Multi-Color, Multi-Color, Multi-Color, DX5388-900
1485,14, White, White,,,, DZ0489-100
1486,14, Anthracite, White, White, White,, DV2629-005
1487,20, Hyper Pink,,,,, CD4382-600
1488,25, Picante Red, Black, Black, Black, Picante Red, DD9304-602
1489,21, Pure Platinum, Metallic Silver, Racer Blue, Racer Blue, Sail, CD6404-006
1490,25, Black, Fierce Pink,,,, FQ8971-001
1491,25, University Red, Game Royal, White, White, Wolf Grey, DZ2946-600
1492,25, Barely Green, Guava Ice, Laser Orange, Laser Orange, Sesame, DJ5423-300
1493,19, Football Grey,,,,, FZ3620-001
1494,19, Noble Green, University Red, Cerulean, Cerulean,, 864349-302
1495,24, White, Black, Clear Emerald, Clear Emerald, Black, CZ4052-101
1496,, Deep Royal Blue, Black, Deep Royal Blue, Deep Royal Blue, Mica Green, DX5051-400
1497,14, White, Raspberry Red, White, White,, 942839-101
1498,24, Black, Black, Black, Black,, DX8733-001
1499,, Multi-Color, Multi-Color, Multi-Color, Multi-Color,, FQ7223-900
1500,21, White,,,,, CW7586-100
1501,,,,,,,
1502,, Multi-Color, Multi-Color, Multi-Color, Multi-Color, Multi-Color, DV3907-900
1503,14, Black, Black, Wheat, Wheat,, DQ5601-003
1504,, Multi-Color, Multi-Color, Multi-Color, Multi-Color, Multi-Color, FJ8893-900
1505,14, University Red, White, Black, Black, University Red, CZ5920-600
1506,14, Black, Black, Black, Black, Multi-Color, DQ1470-002
1507,, Multi-Color, Multi-Color, Multi-Color, Multi-Color, Multi-Color, FJ2253-901
1508,16, Black, Black, White, White, White, FB1362-001
1509,14, Sky J Orange, Red Stardust, Sky J Orange, Sky J Orange, Anthracite, DR9631-801
1510,,,,,,,
1511,14, Sail, Sail, Noble Red, Noble Red,, DV3282-103
1512,, Black,,,,, CW3406-004
1513,17, White,,,,, DM1206-174
1514,27, Sail, Racer Blue, White, White,, DC8753-101
1515,, Multi-Color, Multi-Color, Multi-Color, Multi-Color, Multi-Color, 314352-998
1516,21, White, Sail, Racer Blue, Racer Blue, Mint Foam, FJ0668-100
1517,, Multi-Color, Multi-Color, Multi-Color, Multi-Color, Multi-Color, CW7637-991
