,count_of_size,Color1,Color2,Color3,Color4,Color5,Product_code
0,16,Earth Strata S23 , Bright Blue , Cloud White , Cloud White , Cloud White , ID9677
1,14,Silver Green S23 , Bright Blue , Cloud White , Cloud White , Cloud White , IF5258
2,24,Core Black , Cloud White , Core Black , Off White , Cloud White , ID1747
3,16,Cloud White , Cloud White , Core Black , Chalk White , Grey Three , HP3130
4,21,Core Black , Cloud White , Core Black , Chalk White , Grey Three , IF2921
5,21,Core Black , Cloud White , Core Black , Chalk White , Grey Three , IF4921
6,26,Core Black , Bright Blue , Cloud White , Cloud White , Cloud White , ID9436
7,16,Cloud White , Bright Blue , Cloud White , Cloud White , Cloud White , IG2372
8,16,Grey Three , Bright Blue , Cloud White , Cloud White , Cloud White , GZ9261
9,21,Core Black , Core Black , Linen Green F22 , Wonder Steel F22 , Core Black , IF3501
10,16,Cloud White , Cloud White , Core Black , Chalk White , Grey Three , ID1746
11,21,Olive Strata , Cloud White , Core Black , Core Black , Cloud White , IF3457
12,16,Core Black , Cloud White , Core Black , Core Black , Cloud White , ID9674
13,24,Core Black , Core Black ,,,, IF3465
14,26,Grey One , Bright Blue , Cloud White , Cloud White , Cloud White , ID9666
15,12,Core Black , Core Black , Core Black , Core Black , Shadow Navy , HP3147
16,24,Core Black , Bright Blue , Cloud White , Cloud White , Cloud White , HP2759
17,17,Shadow Red , Shadow Red ,,,, IF5603
18,17,Cloud White , Core Black , Grey Three , Core Black , Feather Grey , GY7356
19,17,Cloud White , Cloud White , Core Black , Core Black , Cloud White , HP3132
20,16,Crystal White , Grey Four , Core Black , Grey Three , Core Black , IG5461
21,16,Cloud White , Bright Blue , Cloud White , Cloud White , Cloud White , GZ9256
22,16,Core Black , Bright Blue , Cloud White , Cloud White , Cloud White , GZ9257
23,21,Crystal White , Crystal White ,,,, GZ9260
24,16,Carbon , Bright Blue , Cloud White , Cloud White , Cloud White , ID9438
25,21,Pink Strata S23 , Solar Red , Wonder Red , Solar Red , Carbon , IG5876
26,21,Core Black , Wonder Steel F22 , Wonder Steel F22 , Core Black , Wonder Taupe , IF5282
27,21,Better Scarlet S23 , Core Black , Core Black , Non Dyed , Better Scarlet S23 , GW9089
28,24,Better Scarlet S23 , Core Black ,,,, IG5877
29,24,Wonder Beige , Cloud White , Core Black , Cloud White , Grey Three , HQ8397
30,24,Core Black , Solar Red , Wonder Red , Solar Red , Carbon , GZ4307
31,17,Aluminium , Oatmeal , Aluminium , Aluminium ,, GW9088
32,24,Wonder Beige , Bright Blue , Cloud White , Cloud White , Cloud White , GZ9258
33,16,Wonder Beige F23 , Cloud White ,,,, HQ4437
34,17,Carbon , Cloud White , Core Black , Chalk White , Grey Three , HP7820
35,17,Cloud White , Cloud White , Core Black , Core Black , Linen Green , GZ9259
36,16,Aluminium , Oatmeal , Aluminium , Aluminium ,, ID9559
37,16,Lucid Cyan F23 , Arctic Night F23 , Better Scarlet , Core Black , Cloud White , HP5972
38,17,Grey One , Vivid Red , Grey Five , Cloud White , Core Black , HP5971
39,17,Chalk White , Cloud White , Core Black , Chalk White , Grey Three , GW9086
40,25,Wonder Silver F23 , Core Black , Wonder Beige F23 , Core Black , Wonder Silver F23 , HP5974
41,25,Core Black , Bright Blue , Cloud White , Cloud White , Cloud White , IE9257
42,19,Bold Onix , Core Black , Core Black , Non Dyed , Better Scarlet S23 , IG5893
43,16,Olive Strata , Core Black , Core Black , Core Black , Shadow Navy , IF5273
44,16,Core Black , Grey Four , Core Black , Grey Three , Core Black , IG4767
45,21,Core Black , Grey Four , Core Black , Grey Three , Core Black , IF5602
46,19,Core Black , Wonder Steel F22 , Wonder Steel F22 , Core Black , Wonder Taupe , ID0360
47,16,Cloud White , Grey Four , Core Black , Grey Three , Core Black , HP5970
48,21,Cloud White , Grey Four , Core Black , Grey Three , Core Black , IE7652
49,16,Cloud White , Cloud White , Core Black , Chalk White , Grey Three , IG5782
50,24,Cloud White , Cloud White , Core Black , Off White , Cloud White , IG4768
51,25,Core Black , Cloud White , Cloud White , Core Black ,, IG3097
52,25,Core Black , Cloud White , Core Black ,,, HQ5873
53,25,Cloud White , Core Black , Cloud White , Dash Grey , Impact Orange F22 , IE4556
54,25,Wonder Red , Solar Red , Wonder Red , Solar Red , Carbon , HR0063
55,19,Core Black , Arctic Night F23 , Better Scarlet , Core Black , Cloud White , ID9423
56,19,Core Black , Cloud White , Core Black , Off White , Cloud White , HP3129
57,16,Aluminium , Oatmeal , Aluminium , Aluminium ,, GX9524
58,21,Core Black , Solar Red , Wonder Red , Solar Red , Carbon , ID9432
59,16,Wonder Taupe S23 , Core Black , Linen Green F22 , Wonder Steel F22 , Core Black , GX1551
60,19,Cloud White , Core Black , Core Black , Non Dyed , Better Scarlet S23 , IE9249
61,16,Core Black , Cloud White , Core Black , Cloud White , Core Black , ID5901
62,16,Core Black , Core Black , Core Black , Non Dyed , Better Scarlet S23 , IG4777
63,16,Cloud White , Grey Four , Core Black , Grey Three , Core Black , IE4557
64,22,Wonder Taupe S23 , Solar Red , Wonder Red , Solar Red , Carbon , HQ8915
65,22,Core Black , Core Black ,,,, HP5967
66,22,Coral Fusion S23 , Core Black , Linen Green F22 , Wonder Steel F22 , Core Black , HQ5878
67,16,Core Black , Core Black , Cloud White , Dash Grey , Impact Orange F22 , IG5460
68,17,Magic Grey S22 , Vivid Red , Grey Five , Cloud White , Core Black , IE4569
69,16,Cloud White , Cloud White ,,,, IF5619
70,16,Better Scarlet S23 , Solar Red , Wonder Red , Solar Red , Carbon , GY6056
71,17,Core Black , Grey Four , Core Black , Grey Three , Core Black , FV7827
72,21,Core Black , Core Black , Core Black ,,, IF3250
73,16,Active Teal , Cloud White , Core Black , Cloud White , Grey Three , ID9641
74,16,Mineral Green , Grey Four , Core Black , Grey Three , Core Black , IG5892
75,16,Wonder Silver F23 , Solar Red , Wonder Red , Solar Red , Carbon , IG3196
76,17,Non Dyed , Core Black ,,,, ID9422
77,17,Cloud White , Grey Four , Core Black , Grey Three , Core Black , HQ4444
78,16,Collegiate Gold , Core Black , Wonder Beige , Solar Green , Collegiate Gold , IE9214
79,17,Core Black , Core Black ,,,, GW4652
80,14,Aluminium , Core Black , Core Black , Core Black , Shadow Navy , IE9670
81,24,Cloud White , Core Black , Core Black , Core Black , Shadow Navy , HQ8396
82,21,Shadow Navy , Core Black , Core Black , Core Black , Shadow Navy , ID9639
83,16,Grey Six , Core Black , Cloud White , Dash Grey , Impact Orange F22 , ID1747
84,16,Grey One , Core Black , Core Black , Core Black , Shadow Navy , IE5465
85,14,Orbit Grey , Wonder Blue , Cream White , Orbit Grey , Better Scarlet S23 , HQ1443
86,16,Cloud White , Cloud White , Core Black , Core Black , Cloud White , IG2372
87,17,Core Black , Cloud White , Core Black , Off White , Cloud White , ID9675
88,16,Cloud White , Solar Red , Wonder Red , Solar Red , Carbon , IE8211
89,16,Cloud White , Solar Red ,,,, IF5268
90,16,Cloud White , Wonder Beige , Cloud White , Core Black , Grey Three , IG8337
91,16,Wonder Beige F23 , Core Black , Wonder Beige F23 , Core Black , Wonder Silver F23 , ID0273
92,17,Wonder Beige , Arctic Night F23 , Better Scarlet , Core Black , Cloud White , ID9442
93,16,Beam Orange F22 , Vivid Red , Grey Five , Cloud White , Core Black , GZ9261
94,19,Grey Two , Cloud White , Core Black , Cloud White , Grey Three , ID9600
95,21,Core Black , Core Black , Core Black , Core Black , Shadow Navy , HR0066
96,17,Core Black , Core Black , Wonder Beige F23 , Core Black , Wonder Silver F23 , IF5603
97,18,Core Black , Core Black , Core Black , Non Dyed , Better Scarlet S23 , IF8139
98,16,Preloved Yellow , Core Black , Core Black ,,, ID9676
99,16,Cloud White , Solar Red , Wonder Red , Solar Red , Carbon , IG2374
100,14,Dark Brown , Core Black , Cloud White , Core Black , Cloud White , GZ9256
101,17,Core Black , Wonder Beige , Cloud White , Core Black , Grey Three , ID9584
102,17,Core Black , Wonder Beige ,,,, GZ9260
103,14,Core Black , Bright Blue , Cloud White , Cloud White , Cloud White , IF5274
104,14,Core Black , Grey Four , Core Black , Grey Three , Core Black , IF5282
105,21,Core Black , Core Black ,,,, IF5605
106,17,Oatmeal , Oatmeal , Aluminium , Aluminium ,, IG5877
107,14,Cloud White , Bright Blue , Cloud White , Cloud White , Cloud White , ID9639
108,16,Core Black , Core Black , Cloud White , Core Black , Cloud White , ID1747
109,24,Off White , Bright Blue , Cloud White , Cloud White , Cloud White , IE5465
110,14,Carbon , Carbon ,,,, HQ1443
111,14,Core Black , Core Black , Core Black , Core Black , Shadow Navy , IG2372
112,21,Silver Pebble , Cloud White , Core Black , Chalk White , Grey Three , ID9675
113,25,Grey Three , Grey Four , Core Black , Grey Three , Core Black , IE8211
114,16,Core Black , Cloud White , Core Black , Chalk White , Grey Three , IF5268
115,16,Arctic Night F23 , Arctic Night F23 , Better Scarlet , Core Black , Cloud White , IG8337
116,24,Grey Four , Solar Red , Wonder Red , Solar Red , Carbon , ID0273
117,14,Metal Grey , Grey Four , Core Black , Grey Three , Core Black , ID9442
118,14,Core Black , Cloud White , Core Black , Core Black , Cloud White , GZ9261
119,14,Wonder Taupe , Wonder Steel F22 , Wonder Steel F22 , Core Black , Wonder Taupe , ID9600
120,18,Wonder Blue , Wonder Blue , Cream White , Orbit Grey , Better Scarlet S23 , IF5603
121,18,Carbon , Wonder Beige , Cloud White , Core Black , Grey Three , GY6256
122,18,Cloud White , Cloud White , Core Black ,,, FV7227
123,17,Core Black , Wonder Beige , Cloud White , Core Black , Grey Three , IF3220
124,16,Cloud White , Core Black , Cloud White , Core Black , Cloud White , ID9241
125,18,Wonder Silver , Wonder Silver ,,,, IG5822
126,22,Grey Three , Core Black , Core Black , Core Black , Shadow Navy , IG3126
127,16,Cloud White , Bright Blue , Cloud White , Cloud White , Cloud White , ID9222
128,16,Core Black , Core Black , Wonder Beige F23 , Core Black , Wonder Silver F23 , HQ4244
129,18,Cloud White , Core Black , Cloud White , Core Black , Cloud White , IE9224
130,18,Cloud White , Vivid Red , Grey Five , Cloud White , Core Black , GW4622
131,24,Cloud White , Cloud White , Core Black , Off White , Cloud White , IE9620
132,22,Core Black , Vivid Red , Grey Five , Cloud White , Core Black , HQ8326
133,20,Cream White , Wonder Blue , Cream White , Orbit Grey , Better Scarlet S23 , ID9629
134,9,Vivid Red S21 , Grey Four , Core Black , Grey Three , Core Black , ID1727
135,16,Vivid Red S21 , Grey Four ,,,, IE5425
136,21,Unity Orange , Shock Slime , Unity Orange ,,, HQ1423
137,16,Wonder Beige , Core Black , Cloud White , Core Black , Cloud White , IG2322
138,16,Core Black , Cloud White , Core Black , Off White , Cloud White , ID9625
139,20,Cloud White , Cloud White , Core Black , Off White , Cloud White , IE8221
140,18,Bright Royal , Bright Royal , Core Black , Cloud White ,, IF5228
141,18,Grey One , Core Black , Core Black , Core Black , Shadow Navy , IG8327
142,25,Silver Green , Vivid Red , Grey Five , Cloud White , Core Black , ID0223
143,17,Silver Green , Vivid Red ,,,, ID9422
144,25,Cloud White , Cloud White , Core Black , Cloud White , Grey Three , GZ9221
145,25,Core Black , Cloud White ,,,, ID9620
146,25,Grey One , Cloud White , Core Black , Core Black , Linen Green , HR0026
147,19,Wonder Steel F22 , Core Black , Linen Green F22 , Wonder Steel F22 , Core Black , IF5623
148,18,Pulse Mint , Arctic Night F23 , Better Scarlet , Core Black , Cloud White , IF8129
149,16,Core Black , Core Black , Core Black , Core Black , Cloud White , ID9626
150,14,Clay Strata S23 , Clay Strata S23 , Core Black , Shadow Violet ,, ID9677
151,14,Cloud White , Silver Dawn , Core Black , Grey One , Core Black , IF5258
152,21,Core Black , Cloud White , Core Black , Off White , Cloud White , ID1747
153,14,Cloud White , Clay Strata , Cloud White , Earth Strata S23 , Core Black , HP3130
154,14,Cloud White , Clay Strata ,,,, IF2921
155,14,Core Black , Core Black , Core Black , Core Black , Shadow Navy , IF4921
156,17,Carbon , Silver Dawn , Core Black , Grey One , Core Black , ID9436
157,17,Core Black , Silver Dawn , Core Black , Grey One , Core Black , IG2372
158,14,Core Black , Silver Dawn , Core Black , Grey One , Core Black , GZ9261
159,14,Earth Strata S23 , Clay Strata , Cloud White , Earth Strata S23 , Core Black , IF3501
160,14,Earth Strata S23 , Clay Strata ,,,, ID1746
161,14,Off White , Silver Dawn , Core Black , Grey One , Core Black , IF3457
162,14,Pink Strata S23 , Solar Red , Wonder Red , Solar Red , Carbon , ID9674
163,14,Wonder Quartz , Core Black , Cloud White , Core Black , Mineral Green , IF3465
164,14,Core Black , Core Black , Purple Glow ,,, ID9666
165,14,Core Black , Grey Five , Core Black , Chalk White , Cloud White , HP3147
166,14,Core Black , Grey Five ,,,, HP2759
167,14,Cloud White , Grey Four , Core Black , Grey Three , Core Black , IF5603
168,19,Wonder Silver , Wonder Red F22 , Wonder Steel F22 , Core Black , Wonder Taupe , GY7356
169,14,Grey Five , Carbon , Wonder Quartz , Silver Dawn , Shadow Violet F23 , HP3132
170,14,Cloud White , Grey Two , Core Black , Utility Green , Core Black , IG5461
171,14,Core Black , Core Black , Semi Flash Aqua ,,, GZ9256
172,14,Light Solid Grey , Silver Dawn , Core Black , Grey One , Core Black , GZ9257
173,14,Aluminium , Oatmeal , Aluminium , Aluminium ,, GZ9260
174,14,Lucid Cyan F23 , Arctic Night F23 , Better Scarlet , Core Black , Cloud White , ID9438
175,14,Core Black , Chalk White , Core Black ,,, IG5876
176,13,Core Black , Chalk White ,,,, IF5282
177,14,Shadow Red , Silver Dawn , Core Black , Grey One , Core Black , GW9089
178,14,Olive Strata , Core Black , Core Black , Core Black , Shadow Navy , IG5877
179,14,Royal Blue , Core Black , Non Dyed , Core Black , Core Black , HQ8397
180,14,Core Black , Core Black , Grey Three , Core Black , Feather Grey , GZ4307
181,14,Core Black , Core Black , Grey Three , Core Black , Feather Grey , GW9088
182,14,Shadow Violet F23 , Carbon , Wonder Quartz , Silver Dawn , Shadow Violet F23 , GZ9258
183,14,Cloud White , Grey Four , Core Black , Grey Three , Core Black , HQ4437
184,14,Cloud White , Core Black , Cloud White , Core Black , Mineral Green , HP7820
185,14,Core Black , Core Black , Non Dyed , Core Black , Core Black , GZ9259
186,14,Cloud White , Pink Strata , Cloud White , Mgh Solid Grey ,, ID9559
187,17,Cloud White , Cloud White , Core Black , Off White , Cloud White , HP5972
188,14,Core Black , Cloud White , Cloud White , Core Black ,, HP5971
189,14,Core Black , Core Black , Non Dyed , Core Black , Core Black , GW9086
190,14,Halo Blush , Core Black , Cloud White , Core Black , Mineral Green , HP5974
191,14,Wonder White , Core Black , Cloud White , Core Black , Mineral Green , IE9257
192,14,Wonder Quartz S23 , Core Black , Non Dyed , Core Black , Core Black , IG5893
193,14,Core Black , Arctic Night F23 , Better Scarlet , Core Black , Cloud White , IF5273
194,14,Non Dyed , Core Black , Non Dyed , Core Black , Core Black , IG4767
195,21,Cloud White , Core Black , Non Dyed , Core Black , Core Black , IF5602
196,14,Core Black , Cloud White , Core Black , Off White , Cloud White , ID0360
197,14,Aluminium , Oatmeal , Aluminium , Aluminium ,, HP5970
198,14,Core Black , Solar Red , Wonder Red , Solar Red , Carbon , IE7652
199,14,Core Black , Core Black , Wonder Steel F22 , Trace Grey , Core Black , IG5782
200,7,Core Black , Core Black , Core Black , Core Black , Grey Two , IG4768
201,14,Solar Orange , Solar Orange , Grey Two , Core Black , Wild Pink , IG3097
202,17,Chalk White , Chalk White ,,,, HQ5873
203,14,Grey Two , Grey Two , Core Black , Utility Green , Core Black , IE4556
204,14,Core Black , Core Black , Wonder Quartz S23 , Crystal White , Silver Dawn , HR0063
205,14,Core Black , Core Black , Grey Three , Core Black , Feather Grey , ID9423
206,7,Chalk White , Core Black , Non Dyed , Core Black , Core Black , HP3129
207,14,Bliss Lilac , Cloud White , Core Black , Bliss Lilac , Pink Fusion , GX9524
208,12,Cloud White , Core Black , Cloud White , Core Black , Mineral Green , ID9432
209,12,Non Dyed , Core Black ,,,, GX1551
210,14,Cloud White , Core Black , Grey Three , Core Black , Feather Grey , IE9249
211,14,Collegiate Gold , Core Black , Wonder Beige , Solar Green , Collegiate Gold , ID5901
212,14,Flash Aqua , Core Black , Non Dyed , Core Black , Core Black , IG4777
213,14,Aluminium , Core Black , Core Black , Core Black , Shadow Navy , IE4557
214,14,Cloud White , Beam Pink F22 , Bliss Orange , Cloud White , Cloud White , HQ8915
215,14,Grey Two , Core Black , Non Dyed , Core Black , Core Black , HP5967
216,14,Halo Blush , Core Black , Cloud White , Core Black , Mineral Green , HQ5878
217,14,Grey Two , Core Black , Core Black , Core Black , Grey Two , IG5460
218,14,Cloud White , Core Black , Core Black , Core Black , Shadow Navy , IE4569
219,14,Wonder Taupe S23 , Core Black , Wonder Steel F22 , Trace Grey , Core Black , IF5619
220,14,Shadow Navy , Core Black , Core Black , Core Black , Shadow Navy , GY6056
221,14,Wonder Beige , Core Black , Cloud White , Core Black , Mineral Green , FV7827
222,14,Cloud White , Cloud White ,,,, IF3250
223,21,Core Black , Grey Two , Core Black , Utility Green , Core Black , ID9641
224,17,Core Black , Core Black , Non Dyed , Core Black , Core Black , IG5892
225,14,Grey One , Core Black , Core Black , Core Black , Shadow Navy , IG3196
226,14,Cloud White , Cloud White , Preloved Ink ,,, ID9422
227,14,Violet Fusion S23 , Core Black , Non Dyed , Core Black , Core Black , HQ4444
228,14,Core Black , Cloud White , Core Black , Off White , Cloud White , IE9214
229,14,Dash Grey , Dash Grey , Lucid Pink , Core Black , Cloud White , GW4652
230,14,Core Black , Core Black , Cloud White , Core Black , Mineral Green , IE9670
231,17,Bliss , Core Black , Cloud White , Core Black , Mineral Green , HQ8396
232,14,Wonder Beige , Arctic Night F23 , Better Scarlet , Core Black , Cloud White , ID9639
233,17,Blue Fusion , Blue Fusion ,,,, ID1747
234,14,Core Black , Core Black , Core Black , Core Black , Shadow Navy , IE5465
235,14,Wonder Quartz S23 , Core Black , Non Dyed , Core Black , Core Black , HQ1443
236,21,Wonder Quartz S23 , Core Black ,,,, IG2372
237,18,Wonder Quartz S23 , Core Black ,,,, ID9675
238,14,Cloud White , Core Black , Core Black , Core Black , Grey Two , IE8211
239,24,Cloud White , Core Black , Core Black ,,, IF5268
240,14,Core Black , Core Black , Non Dyed , Core Black , Core Black , IG8337
241,14,Core Black , Core Black , Non Dyed ,,, ID0273
242,24,Carbon , Carbon , Wonder Quartz , Silver Dawn , Shadow Violet F23 , ID9442
243,17,Core Black , Grey Two , Core Black , Utility Green , Core Black , GZ9261
244,16,Oatmeal , Oatmeal , Aluminium , Aluminium ,, ID9600
245,17,Gobi-Smc , Cloud White , Core Black , Ash Grey , Mystery Ink , HR0066
246,17,Silver Green , Clay Strata , Cloud White , Earth Strata S23 , Core Black , IF5603
247,17,Cloud White , Bright Blue , Cloud White , Cloud White , Cloud White , IF8139
248,26,Core Black , Core Black ,,,, ID9676
249,25,Cloud White , Bliss Orange , Off White , Shadow Navy S22 , Grey Three , IG2374
250,14,Core Black , Core Black , Core Black , Core Black , Grey Two , GZ9256
251,7,Dash Grey , Carbon , Wonder Quartz , Silver Dawn , Shadow Violet F23 , ID9584
252,24,Carbon , Carbon ,,,, GZ9260
253,17,Core Black , Core Black , Core Black , Core Black , Shadow Navy , IF5274
254,25,Cloud White , Dash Grey , Lucid Pink , Core Black , Cloud White , IF5282
255,24,Chalk White , Bliss Orange , Off White , Shadow Navy S22 , Grey Three , IF5605
256,24,Pulse Mint S22 , Wonder Red F22 , Cloud White , Pulse Mint S22 , Core Black , IG5877
257,24,Off White , Grey Two , Core Black , Utility Green , Core Black , ID9639
258,24,Core Black , Cloud White , Core Black , Bliss Lilac , Pink Fusion , ID1747
259,24,Core Black , Core Black ,,,, IE5465
260,26,Arctic Night F23 , Arctic Night F23 , Better Scarlet , Core Black , Cloud White , HQ1443
261,17,Core Black , Dash Grey , Lucid Pink , Core Black , Cloud White , IG2372
262,24,Grey Three , Core Black , Core Black , Core Black , Shadow Navy , ID9675
263,18,Core Black , Core Black , Cloud White , Core Black , Mineral Green , IE8211
264,18,Silver Dawn , Silver Dawn , Core Black , Grey One , Core Black , IF5268
265,20,Core Black , Grey Five , Core Black , Chalk White , Cloud White , IG8337
266,20,Wonder Silver , Wonder Silver ,,,, ID0273
267,14,Cloud White , Bright Blue , Cloud White , Cloud White , Cloud White , ID9442
268,14,Wonder Mauve , Legacy Purple , Core Black , Wonder Mauve , Grey Two , GZ9261
269,20,Legacy Burgundy S22 , Core Black , Cloud White , Core Black , Mineral Green , ID9600
270,25,Cloud White , Cloud White , Core Black , Off White , Cloud White , IF5603
271,21,Arctic Night , Silver Dawn , Core Black , Grey One , Core Black , GY6256
272,25,Bold Onix , Core Black , Core Black , Core Black , Grey Two , FV7227
273,25,Pink Fusion , Silver Dawn , Core Black , Grey One , Core Black , IF3220
274,25,Unity Orange , Shock Slime , Unity Orange ,,, ID9241
275,19,Core Black , Cloud White , Core Black , Off White , Cloud White , IG5822
276,19,Grey One , Silver Dawn , Core Black , Grey One , Core Black , IG3126
277,24,Cloud White , Cloud White , Core Black , Off White , Cloud White , ID9222
278,24,Grey One , Core Black , Core Black , Core Black , Shadow Navy , HQ4244
279,14,Cloud White , Core Black , Cloud White , Core Black , Mineral Green , IE9224
280,24,Cloud White , Core Black ,,,, GW4622
281,24,Core Black , Wonder Red F22 , Wonder Steel F22 , Core Black , Wonder Taupe , IE9620
282,21,Grey Two , Legacy Purple , Core Black , Wonder Mauve , Grey Two , HQ8326
283,21,Cloud White , Grey Five , Core Black , Chalk White , Cloud White , ID9629
284,21,Cloud White , Beam Pink F22 , Bliss Orange , Cloud White , Cloud White , ID1727
285,14,Pulse Mint , Arctic Night F23 , Better Scarlet , Core Black , Cloud White , IE5425
286,14,Cloud White , Bright Blue , Cloud White , Cloud White , Cloud White , HQ1423
287,14,Cloud White , Core Black , Cloud White , Core Black , Mineral Green , IG2322
288,14,Linen Green F22 , Core Black , Cloud White , Core Black , Mineral Green , ID9625
289,14,Cloud White , Cloud White , Core Black , Off White , Cloud White , IE8221
290,16,Oatmeal , Oatmeal , Aluminium , Aluminium ,, IF5228
291,14,Beam Pink F22 , Beam Pink F22 , Bliss Orange , Cloud White , Cloud White , IG8327
292,14,Core Black , Clay Strata S23 , Core Black , Shadow Violet ,, ID0223
293,14,Wonder White F21 , Core Black , Cloud White , Core Black , Mineral Green , ID9422
294,14,Core Black , Team Collegiate Red , Core Black , Cloud White , Cloud White , GZ9221
295,17,Wonder Red F22 , Legacy Purple , Core Black , Wonder Mauve , Grey Two , ID9620
296,27,Cloud White , Core Black , Core Black , Core Black , Shadow Navy , HR0026
297,27,Core Black , Core Black , Core Black , Core Black , Shadow Navy , IF5623
298,27,Wonder Beige , Core Black , Wonder Beige , Solar Green , Collegiate Gold , IF8129
299,27,Off White , Carbon , Wonder Quartz , Silver Dawn , Shadow Violet F23 , ID9626
